title,location,company,description,salary,url,published_at,id
Data Scientist,Berlin,Pandata,"Knowledge of analytics and data science domains, including statistics and data analysis.Algorithm development and data visualisation.",,https://DE.indeed.com/rc/clk?jk=983854f71911552f&fccid=1cbc752a8048ceb3&vjs=3,2021-06-23 00:00:00,https://DE.indeed.com/rc/clk?jk=983854f71911552f&fccid=1cbc752a8048ceb3&vjs=3
Data Scientist (Labs),Berlin,KAYAK,"Extract, process and leverage massive amounts of data to drive successful projects.Conduct experiments and engage in rapid-prototyping of ideas, making…",,https://DE.indeed.com/rc/clk?jk=d1053127df74084e&fccid=dc20920109e72041&vjs=3,2021-06-23 00:00:00,https://DE.indeed.com/rc/clk?jk=d1053127df74084e&fccid=dc20920109e72041&vjs=3
Data Scientist (w/m/d),Sankt Augustin,anykey GmbH,Data Scientist (w/m/d).Umsetzung und Konzeption von Big Data Anwendungen vor allem im Bereich der IT-Security.,,https://DE.indeed.com/rc/clk?jk=f2ec4a97eb11cc40&fccid=dba78e2036393621&vjs=3,2021-06-23 00:00:00,https://DE.indeed.com/rc/clk?jk=f2ec4a97eb11cc40&fccid=dba78e2036393621&vjs=3
Data Scientist angewandte Statistik (m/w/d),Düsseldorf,PPI AG,"Ziel Deiner Arbeit ist es, unseren Kunden valide Entscheidungsgrundlagen bereitzustellen und mit ihnen gemeinsam datengetriebene Geschäftsprozesse zu gestalten.",,https://DE.indeed.com/pagead/clk?mo=r&ad=-6NYlbfkN0B9_8vpTCBCJtvxBVpLryBLOAXuxUysyGLX9Q3PaR1DIrFz3AhqvM6H6xbY8xW9DXlerttfWmA5I0HS5VRruqqrEgOrc8Zrta29HSz9HFPSZSdBVBMt8v4SRDEuSofOrReUYlQlv2WcFfS_4iO0KhtpcO9iUVzQ7U1XvwHMiSPCa5OJ2CNDN95zD20O7Pp1IEzIeeYBwT7JfnxpcaF327XAvftefoQdD5ubZPKICLzBvcis8uJeKXsosfa8WzBsecS953_VizyVjFDctgghi9JyixaJn3BwS-iYRUs1z9asPXs9sgKTt0TgufhHYiBO2PeZXmH24Iikln8eR5qgpnCb8dtD53C__IyQE4K4LuDl8YJ3-cGv6mr7EKfnACYsVC2A43siohMa7v9FEKMWTNYgmLY-KmGjPkk4jgWr4eV1AQt2biJWOhzviPo58Vr_8OeZ0R-ft-Ikg2S3c2oG5pTCU-tNVX2kpMZ3xB5qIv5EIK64tMfXYhkkmZBbYNHKQUMFNvveNwCkBknFdCKfiFxFHWtROlvZgTc=&p=0&fvj=1&vjs=3,2021-06-23 00:00:00,https://DE.indeed.com/pagead/clk?mo=r&ad=-6NYlbfkN0B9_8vpTCBCJtvxBVpLryBLOAXuxUysyGLX9Q3PaR1DIrFz3AhqvM6H6xbY8xW9DXlerttfWmA5I0HS5VRruqqrEgOrc8Zrta29HSz9HFPSZSdBVBMt8v4SRDEuSofOrReUYlQlv2WcFfS_4iO0KhtpcO9iUVzQ7U1XvwHMiSPCa5OJ2CNDN95zD20O7Pp1IEzIeeYBwT7JfnxpcaF327XAvftefoQdD5ubZPKICLzBvcis8uJeKXsosfa8WzBsecS953_VizyVjFDctgghi9JyixaJn3BwS-iYRUs1z9asPXs9sgKTt0TgufhHYiBO2PeZXmH24Iikln8eR5qgpnCb8dtD53C__IyQE4K4LuDl8YJ3-cGv6mr7EKfnACYsVC2A43siohMa7v9FEKMWTNYgmLY-KmGjPkk4jgWr4eV1AQt2biJWOhzviPo58Vr_8OeZ0R-ft-Ikg2S3c2oG5pTCU-tNVX2kpMZ3xB5qIv5EIK64tMfXYhkkmZBbYNHKQUMFNvveNwCkBknFdCKfiFxFHWtROlvZgTc=&p=0&fvj=1&vjs=3
Data Analyst / Data Scientist / Controller (m/w/d),Lüdenscheid,Märkische Gesundheitsholding GmbH & Co. KG,"Data Analyst / Data Scientist / Controller (m/w/d).Mit gutem Erfolg abgeschlossenes Studium der (Medizin- oder Wirtschafts-)informatik, Gesundheitsökonomie,…",,https://DE.indeed.com/pagead/clk?mo=r&ad=-6NYlbfkN0APuIM4cdCoQnJeXP9-3p7wuKd8xI260ZgevPS09Bc223lCx_sQswd-5KUx1dC0mNUZPE_jRS4tX6th9BBIna1HBadZ8EeGcXpWwQNZ1Cx45gM3DhZWh9pTbVS_neU6Nn7mfPL3zqfEvILL0CZVIy7ZFGH9L7UUWYVGs_rjXIX2HD1mvw7s2F4ijtnrVrGIGvJCjRO_ZJQyh-auwD5ygOG6SYySP7rWF1f8Z6AfQWSYkNjxiBEKtPf2kPPRW2Dy1aBvUS-32NhM-EfRMDZ3A-YCaWLOrB1qneqJfyIMWyH9SsoKfRvVJ84et8W3Zpcm9lu5ZA8Od2Kjj88VbeoNe_R-XIu81-B1UsJhlmzpNCmw78uHcnpe2sPtUwm181ZZkrxJrC5fa5w1br_Nn1GUzusj2wZHNW1dqmqv3kgL5tWO2fM4CjJLYh2glg2JryYMih2VCRU-uu2QyfwFnYnHYg2cSoic4EOpVuyx-OtXPrKzLQ==&p=0&fvj=0&vjs=3,2021-06-23 00:00:00,https://DE.indeed.com/pagead/clk?mo=r&ad=-6NYlbfkN0APuIM4cdCoQnJeXP9-3p7wuKd8xI260ZgevPS09Bc223lCx_sQswd-5KUx1dC0mNUZPE_jRS4tX6th9BBIna1HBadZ8EeGcXpWwQNZ1Cx45gM3DhZWh9pTbVS_neU6Nn7mfPL3zqfEvILL0CZVIy7ZFGH9L7UUWYVGs_rjXIX2HD1mvw7s2F4ijtnrVrGIGvJCjRO_ZJQyh-auwD5ygOG6SYySP7rWF1f8Z6AfQWSYkNjxiBEKtPf2kPPRW2Dy1aBvUS-32NhM-EfRMDZ3A-YCaWLOrB1qneqJfyIMWyH9SsoKfRvVJ84et8W3Zpcm9lu5ZA8Od2Kjj88VbeoNe_R-XIu81-B1UsJhlmzpNCmw78uHcnpe2sPtUwm181ZZkrxJrC5fa5w1br_Nn1GUzusj2wZHNW1dqmqv3kgL5tWO2fM4CjJLYh2glg2JryYMih2VCRU-uu2QyfwFnYnHYg2cSoic4EOpVuyx-OtXPrKzLQ==&p=0&fvj=0&vjs=3
Data Scientist (Forecasting) (m/f/d),Mannheim,Chemovator GmbH,"You design and build advanced AI/ML/Statistical models that enhance our state-of-the-art digital product that makes forecasting easy, accurate & accessible for…",,https://DE.indeed.com/pagead/clk?mo=r&ad=-6NYlbfkN0Bhs3-EJycOKu_eM_8KjjvWJ76Vrl48FAA2U9D1Lb4hWcfae2MAjDh453Vnw--a4KN_wD5uYx8OtbVkJIAgiC1CF2_8uHM_Wsur4hENDSDnETyTltV-xGrEXd7XKPInlHsTGIW_x4-is-tbvike4XZCAqRKs1n04zcuopshtN7ue8HnrBFzaUhFNm3YEcAn7MY-aVCXNKUdPYJ2gk8oivhGVi1jy_d0GA0RFbsZ042B9PXMnlKXL4qNWx5497BeW2aJV-X0TWT4LCR46GtNRgMlnOA1ffn16z6nN8IHjsQwXkd9WRX1vjFHIBLXx13ETp--RPFm-1wlrsDrD4bm6iF3IRC9_1OoFS5xj0-FU7jXnjwkfQ34QrE7J1Q8FDuW9wtfKSX-N7cTOwhqxBfvmTAkuKVrYPJBPH4umq317QYSiOm0Hx2BKSa6DQcL0W6fpiM=&p=1&fvj=0&vjs=3,2021-06-23 00:00:00,https://DE.indeed.com/pagead/clk?mo=r&ad=-6NYlbfkN0Bhs3-EJycOKu_eM_8KjjvWJ76Vrl48FAA2U9D1Lb4hWcfae2MAjDh453Vnw--a4KN_wD5uYx8OtbVkJIAgiC1CF2_8uHM_Wsur4hENDSDnETyTltV-xGrEXd7XKPInlHsTGIW_x4-is-tbvike4XZCAqRKs1n04zcuopshtN7ue8HnrBFzaUhFNm3YEcAn7MY-aVCXNKUdPYJ2gk8oivhGVi1jy_d0GA0RFbsZ042B9PXMnlKXL4qNWx5497BeW2aJV-X0TWT4LCR46GtNRgMlnOA1ffn16z6nN8IHjsQwXkd9WRX1vjFHIBLXx13ETp--RPFm-1wlrsDrD4bm6iF3IRC9_1OoFS5xj0-FU7jXnjwkfQ34QrE7J1Q8FDuW9wtfKSX-N7cTOwhqxBfvmTAkuKVrYPJBPH4umq317QYSiOm0Hx2BKSa6DQcL0W6fpiM=&p=1&fvj=0&vjs=3
Senior Data Scientist (m/w/d),Frankfurt am Main,ONE LOGIC GmbH,"Als Senior Data Scientist bist Du ein erfahrenes Multitalent und bedienst die Schnittstelle zwischen Kommunikation und fachlichen Kompetenzen, um unseren Kunden…",,https://DE.indeed.com/pagead/clk?mo=r&ad=-6NYlbfkN0D-s-idMxiSjpPAyDPHYP0Mth8b2wm-uPa9LuX1LGreM2FaNKdRYBCrcPaZgpbZkHAx9WBji2RJce7Up3myVQ1QA8KkYUd4h4H569l_gtIxlDBM2UkFVjr25237aM8h8Mq6BDanqzYKojMt9APUg22JkZxV0X36PoMwbOfV-PBcJceawSOA7MGwwjJQxCmVwb5YSRv5ioDoX1b5aTQfEPOuD6KC5NsTdRaFKgaqTxqwWdQ0E87SYnJCDDI2yV1hcNUMIEAbB0lJjcXyu0ewz3HVHm4CRyct-mMVbvhom6nMXow7YRnGTvLwv9HbH74bWGSx_DzalqnCftEwPkM4HmQvDEKr2Lz0rzVzExmqTOd1rdtWplsxMCiFQNaTAe53lkv1VqIc1M3_wxDlJwQ2VefAz_ca8cfrmnSQewPCCj8rxhiVKvPTB5KRmuHRVBA9k30=&p=2&fvj=0&vjs=3,2021-06-23 00:00:00,https://DE.indeed.com/pagead/clk?mo=r&ad=-6NYlbfkN0D-s-idMxiSjpPAyDPHYP0Mth8b2wm-uPa9LuX1LGreM2FaNKdRYBCrcPaZgpbZkHAx9WBji2RJce7Up3myVQ1QA8KkYUd4h4H569l_gtIxlDBM2UkFVjr25237aM8h8Mq6BDanqzYKojMt9APUg22JkZxV0X36PoMwbOfV-PBcJceawSOA7MGwwjJQxCmVwb5YSRv5ioDoX1b5aTQfEPOuD6KC5NsTdRaFKgaqTxqwWdQ0E87SYnJCDDI2yV1hcNUMIEAbB0lJjcXyu0ewz3HVHm4CRyct-mMVbvhom6nMXow7YRnGTvLwv9HbH74bWGSx_DzalqnCftEwPkM4HmQvDEKr2Lz0rzVzExmqTOd1rdtWplsxMCiFQNaTAe53lkv1VqIc1M3_wxDlJwQ2VefAz_ca8cfrmnSQewPCCj8rxhiVKvPTB5KRmuHRVBA9k30=&p=2&fvj=0&vjs=3
Data Scientist (m/w/d),Wiesbaden,R+V Allgemeine Versicherung AG,Wie sich die Versicherung von morgen anfühlen wird entscheiden Sie schon heute – als Mitarbeiter (m/w/d) der R+V Versicherung.,,https://DE.indeed.com/pagead/clk?mo=r&ad=-6NYlbfkN0Bv57gMV3Z2x-BEhKc2XL7kO0lOpNQFeuE1-YL4HTKUvCteOyFnuH3GlugZsHxsAQ5nSZHfc-WpK2n9wadpg1rDjNJwPTSSxhzcQCtTG-h0MRJNFfg7KImgdbSlcd8_1q-VSxf-zY_KjDIB9Y2AZGa0n07LvpMf0kqCKUH3_oTvQjDqBgcL92ezgXRp5iQNlVD5w8SqorIAHL70fYcSdUr0Rb_a1liTxxFT9IT-_GcCgf5O7TiN4AUz4mcHdqijfrRYAZpP_Xwg2Hz1_Al_9Fs3E-IC3HGsSb1CAjanMzmlVY7Kgd9Arls2o7npNpPnycouNAnagxeiBIJaLBFpaeGV0fF6edzzZjeg3FEk6YkLG0QNUK4iPMFce6ZnyKa-YnKz4HIjIrkmGGl6C7MzMMPHMV2wIc5lM1C81UmS3lCaFPLgRknMGKbrpo656x9m_-C93qxasYTa34cRyvhp4hDw&p=3&fvj=0&vjs=3,2021-06-23 00:00:00,https://DE.indeed.com/pagead/clk?mo=r&ad=-6NYlbfkN0Bv57gMV3Z2x-BEhKc2XL7kO0lOpNQFeuE1-YL4HTKUvCteOyFnuH3GlugZsHxsAQ5nSZHfc-WpK2n9wadpg1rDjNJwPTSSxhzcQCtTG-h0MRJNFfg7KImgdbSlcd8_1q-VSxf-zY_KjDIB9Y2AZGa0n07LvpMf0kqCKUH3_oTvQjDqBgcL92ezgXRp5iQNlVD5w8SqorIAHL70fYcSdUr0Rb_a1liTxxFT9IT-_GcCgf5O7TiN4AUz4mcHdqijfrRYAZpP_Xwg2Hz1_Al_9Fs3E-IC3HGsSb1CAjanMzmlVY7Kgd9Arls2o7npNpPnycouNAnagxeiBIJaLBFpaeGV0fF6edzzZjeg3FEk6YkLG0QNUK4iPMFce6ZnyKa-YnKz4HIjIrkmGGl6C7MzMMPHMV2wIc5lM1C81UmS3lCaFPLgRknMGKbrpo656x9m_-C93qxasYTa34cRyvhp4hDw&p=3&fvj=0&vjs=3
Data Analyst / Data Scientist / Controller (m/w/d),Lüdenscheid,Märkische Gesundheitsholding GmbH & Co. KG,Analyse von Finanz- und Leistungsdaten aus dem Data Warehouse des Unternehmensverbundes.Weiterentwicklung des Business Intelligence Systems (TIP Hce) und…,,https://DE.indeed.com/rc/clk?jk=f37ff9e0ee6f38b7&fccid=dbc6f6e9a5c3e441&vjs=3,2021-06-23 00:00:00,https://DE.indeed.com/rc/clk?jk=f37ff9e0ee6f38b7&fccid=dbc6f6e9a5c3e441&vjs=3
Data Scientist (d/m/w) für neuartige LED-Chip-Produkte,Regensburg,OSRAM Opto Semiconductors GmbH,"Die ams-Gruppe, zu der die börsennotierten Unternehmen ams AG als Muttergesellschaft und OSRAM Licht AG gehören, ist ein weltweit führender Anbieter von…",,https://DE.indeed.com/pagead/clk?mo=r&ad=-6NYlbfkN0CfTGsNmih7P4jXgZRnGMoSPOQHHctS9Z-GzEWDa_ojT08kLOcr0rqtZPPihqXRdGcvxJnE-6pj7o_KtewZDBBi0EHPeLN3rV_Xbc-WG9voxnLoVcMLu1VdU3GNqwSP_MPUg9TTIeXFTmDa9Gyv-5qLYG4P-TcjhhvzZaUi5QmLda_-3qAmSITYR8yJDdQRbGvGWG4pAJJfRamqo_qdlfuAQTA247NlPf1iQtLzUoxXxbCGJvthEKrcghsdsWxg0gU7N8hwBLpdO75FvuqMxBiH23_e3Lqq-V0m0u3FmU1GpZm13xhYgoSOnk-rZLiL8Zcv0XcBhTRidG4fSvJSmgiZUYnseafJFEU3F1kxLQLsi4uA8h_pz4-X-iPMjoDKhKs5puYKYmGMCz-FX_ld2I6T3Q-uSZsP-6QGqDM9tUOln3-X-_BdF5EKPEsz9Pe4aV-TB8ID5g0YoD9ecg6bTG8qejaE1NAVLXNUCWY7MM-6MNVy_aABCkagVjddF6xyu42w9I7yCfJQ3cYZcrv4UlZhZPXov5_1i2X5_SjID_N3-g==&p=14&fvj=0&vjs=3,2021-06-23 00:00:00,https://DE.indeed.com/pagead/clk?mo=r&ad=-6NYlbfkN0CfTGsNmih7P4jXgZRnGMoSPOQHHctS9Z-GzEWDa_ojT08kLOcr0rqtZPPihqXRdGcvxJnE-6pj7o_KtewZDBBi0EHPeLN3rV_Xbc-WG9voxnLoVcMLu1VdU3GNqwSP_MPUg9TTIeXFTmDa9Gyv-5qLYG4P-TcjhhvzZaUi5QmLda_-3qAmSITYR8yJDdQRbGvGWG4pAJJfRamqo_qdlfuAQTA247NlPf1iQtLzUoxXxbCGJvthEKrcghsdsWxg0gU7N8hwBLpdO75FvuqMxBiH23_e3Lqq-V0m0u3FmU1GpZm13xhYgoSOnk-rZLiL8Zcv0XcBhTRidG4fSvJSmgiZUYnseafJFEU3F1kxLQLsi4uA8h_pz4-X-iPMjoDKhKs5puYKYmGMCz-FX_ld2I6T3Q-uSZsP-6QGqDM9tUOln3-X-_BdF5EKPEsz9Pe4aV-TB8ID5g0YoD9ecg6bTG8qejaE1NAVLXNUCWY7MM-6MNVy_aABCkagVjddF6xyu42w9I7yCfJQ3cYZcrv4UlZhZPXov5_1i2X5_SjID_N3-g==&p=14&fvj=0&vjs=3
Intern Data Scientist (m/f/d),Mannheim,Chemovator GmbH,"You have gained at least 1 year of experience in data analytics, data preprocessing, machine learning, artificial intelligence or related topics in an industry…",,https://DE.indeed.com/pagead/clk?mo=r&ad=-6NYlbfkN0Bhs3-EJycOKu_eM_8KjjvWJ76Vrl48FAA2U9D1Lb4hWcfae2MAjDh453Vnw--a4KOkLpNRWRu2d9EXXeRUse2z0JaOTrFpPnbyuY8UJSWnjfUdbgimLW_ovMlWgthOLXYmS-cHKXFVJhxdDYoQMk7HveFId8DccXtmwiNWfoovkieoD4OmsKlmMt6EqK6BTY1-3QUlq19IJ5TPtsgWoKUSb7h1CUOZfrl_2QL-w-Xgi0xiaFAgkFCGow8OhOoxWCXThriTh0g8_1MVumD7_N5eIc0L7eIRft9n-xIWX9NZ6JsySw9sIAFOtKjK96af5OO59kmXF9P18P_PEd90_dq0C5MdxxkYPJMGllN9-IkTUmHxlwvmY1OhNf4JUkwDzLpaIILQzy9AKeYMrsPgv6qNB37K1RzLCV-0IYO9TLZfqNkXmroKBpWQQqZhUiyagBo=&p=15&fvj=0&vjs=3,2021-06-23 00:00:00,https://DE.indeed.com/pagead/clk?mo=r&ad=-6NYlbfkN0Bhs3-EJycOKu_eM_8KjjvWJ76Vrl48FAA2U9D1Lb4hWcfae2MAjDh453Vnw--a4KOkLpNRWRu2d9EXXeRUse2z0JaOTrFpPnbyuY8UJSWnjfUdbgimLW_ovMlWgthOLXYmS-cHKXFVJhxdDYoQMk7HveFId8DccXtmwiNWfoovkieoD4OmsKlmMt6EqK6BTY1-3QUlq19IJ5TPtsgWoKUSb7h1CUOZfrl_2QL-w-Xgi0xiaFAgkFCGow8OhOoxWCXThriTh0g8_1MVumD7_N5eIc0L7eIRft9n-xIWX9NZ6JsySw9sIAFOtKjK96af5OO59kmXF9P18P_PEd90_dq0C5MdxxkYPJMGllN9-IkTUmHxlwvmY1OhNf4JUkwDzLpaIILQzy9AKeYMrsPgv6qNB37K1RzLCV-0IYO9TLZfqNkXmroKBpWQQqZhUiyagBo=&p=15&fvj=0&vjs=3
Junior Platform Engineer (d/m/w) Data & Analytics,Köln,DEVK Versicherungen,Die Nutzung von Data & Analytics ist ein wesentlicher Baustein der digitalen Transformation der DEVK.Als Data Engineer gestalten Sie die Analytics-Welt der…,,https://DE.indeed.com/pagead/clk?mo=r&ad=-6NYlbfkN0BpSjkDajGCFe8hr7Rxv67SZENoyQSc0w8itDmZ25Z569uKnAyVQ63mynvhI286p4lyJMUqDKukH-i8GA7Tf0NV79BpU8IQS7q7QonLrD7NvbKa8kAHSDzrz773_9iX4-GNVj1fFeEKjr_l8ybij91itjz2iJBMCJwWvAE2oKicLWC2j5Uy6MyVmhM2uszudXjfvcR89WPwgMT8b8VGRgmurpLIQuDjJPQM6wfxlWj1cJPW4QeFxxzdwSO-QEJlpfpb4ng0M_gkJjeKLtXs3bv9zOHspwzOZXBM901Pmw2eDO5GvnsVd3lOsqKcstH2qRUfjWrW9KW5lbAbrSYdXVyC3JEFdrIrSuI3Yi_Mm52ySKLAqqkphhs79l_iGfnmeZD0kvVCPJVFUDy7vTgAa4SfGsxK--UdLPIFIyI6Yx_JRA42a_9tFTebDppg82Oxe9EiKMAxRf0qWrS4sUmMaiC8lP4VWzCe6x6Usg9DFRSd2RcjKeBWLimuJcZldCIKZUU=&p=16&fvj=0&vjs=3,2021-06-23 00:00:00,https://DE.indeed.com/pagead/clk?mo=r&ad=-6NYlbfkN0BpSjkDajGCFe8hr7Rxv67SZENoyQSc0w8itDmZ25Z569uKnAyVQ63mynvhI286p4lyJMUqDKukH-i8GA7Tf0NV79BpU8IQS7q7QonLrD7NvbKa8kAHSDzrz773_9iX4-GNVj1fFeEKjr_l8ybij91itjz2iJBMCJwWvAE2oKicLWC2j5Uy6MyVmhM2uszudXjfvcR89WPwgMT8b8VGRgmurpLIQuDjJPQM6wfxlWj1cJPW4QeFxxzdwSO-QEJlpfpb4ng0M_gkJjeKLtXs3bv9zOHspwzOZXBM901Pmw2eDO5GvnsVd3lOsqKcstH2qRUfjWrW9KW5lbAbrSYdXVyC3JEFdrIrSuI3Yi_Mm52ySKLAqqkphhs79l_iGfnmeZD0kvVCPJVFUDy7vTgAa4SfGsxK--UdLPIFIyI6Yx_JRA42a_9tFTebDppg82Oxe9EiKMAxRf0qWrS4sUmMaiC8lP4VWzCe6x6Usg9DFRSd2RcjKeBWLimuJcZldCIKZUU=&p=16&fvj=0&vjs=3
Business Intelligence Experte,Neuss,bimanu GmbH,"Wir suchen jemanden, der Lust darauf hat sich in Themen wie Digitalisierung, Cloud, IoT oder BigData einzuarbeiten, um später in Berufsfeldern, wie z.B. als…",,https://DE.indeed.com/pagead/clk?mo=r&ad=-6NYlbfkN0CjOpwyk6-kRsr4nOhafpeNik8PuMdo1DaMqN8xSSBJt1zZ4hpeT6OgCutulloWJokSD1PtjoPXVXlCbWPorwVYpE4nFg2nRTiSPtuTl4cg-eM0vUii1P0LRMltZqmQk-qh03XgU2WLllDM4EEERlHSnkRHynDUR1wssd3OCOk8fOD6LfsdgkWwq7l17jio8k0brU0cgCqzDFqWU9Q9kDC8oT_2wQOfuMldhmK5cK0ND_Mf0BRnELq6Bf2532B51H53zCbq_xOywdum9GFp0QTPWHY2nmO0nie7nRzApr1Fs21BtXcF37ZEuymKgpI3HSTIkX40EAukOEabGw_61lXCjq-yk-xTSZZhPdOacifdtgyxJtApaaowjt8ZPOx4JBfiXAzstDcr3JCKHBo5xtfIf92gVlGH_gt6qdufkYqAzwvn7Heks_DhvuYMVAgtj4p9jxheSZawvztxCGjvQEeJe8e1sGLZTHK6SAMBnbxs7g==&p=17&fvj=1&vjs=3,2021-06-23 00:00:00,https://DE.indeed.com/pagead/clk?mo=r&ad=-6NYlbfkN0CjOpwyk6-kRsr4nOhafpeNik8PuMdo1DaMqN8xSSBJt1zZ4hpeT6OgCutulloWJokSD1PtjoPXVXlCbWPorwVYpE4nFg2nRTiSPtuTl4cg-eM0vUii1P0LRMltZqmQk-qh03XgU2WLllDM4EEERlHSnkRHynDUR1wssd3OCOk8fOD6LfsdgkWwq7l17jio8k0brU0cgCqzDFqWU9Q9kDC8oT_2wQOfuMldhmK5cK0ND_Mf0BRnELq6Bf2532B51H53zCbq_xOywdum9GFp0QTPWHY2nmO0nie7nRzApr1Fs21BtXcF37ZEuymKgpI3HSTIkX40EAukOEabGw_61lXCjq-yk-xTSZZhPdOacifdtgyxJtApaaowjt8ZPOx4JBfiXAzstDcr3JCKHBo5xtfIf92gVlGH_gt6qdufkYqAzwvn7Heks_DhvuYMVAgtj4p9jxheSZawvztxCGjvQEeJe8e1sGLZTHK6SAMBnbxs7g==&p=17&fvj=1&vjs=3
Data Scientist (m/w/d),Frankfurt am Main,ONE LOGIC GmbH,Als Data Scientist bist Du ein echtes Multitalent mit mindestens 2 Jahren Berufserfahrung (oder Promotion) und bedienst die Schnittstelle zwischen Kommunikation…,,https://DE.indeed.com/pagead/clk?mo=r&ad=-6NYlbfkN0D-s-idMxiSjpPAyDPHYP0Mth8b2wm-uPa9LuX1LGreM2FaNKdRYBCrcPaZgpbZkHD4cMLCwLSux6K2zLFd0cvKv5-LCaR5cjucYVvO1hUhPmaL1F7djop0OkaLlazHXV-FiW3JKB89wTgiG4HoK1USs5FjpKiEINt3MpViyF7oCYo5oe6xUMKBD9cmygrqaTvk2Mr3af_DEUHT028xxvVZ1SbQVXfU7aYhHOLxV54xRAGMvRslP6tD49VoowivnXCsoAFIevbBEAggzo7-UW7wR15tO6SKZNrE34sJm2v7cbFpN49SSHeRpZrp7LurJbxce-8-HzpUw-UQ-IOg6UEqhg_12W0PpKmn38nveuxbpmBZw6dMXAkm_9DEcPCIHjJP7P6AuKB5l_CbHze4__Fr77SKoBFO0ivG2z2B8n-roB51Ctq_7laG6kEZua11NqY=&p=18&fvj=0&vjs=3,2021-06-23 00:00:00,https://DE.indeed.com/pagead/clk?mo=r&ad=-6NYlbfkN0D-s-idMxiSjpPAyDPHYP0Mth8b2wm-uPa9LuX1LGreM2FaNKdRYBCrcPaZgpbZkHD4cMLCwLSux6K2zLFd0cvKv5-LCaR5cjucYVvO1hUhPmaL1F7djop0OkaLlazHXV-FiW3JKB89wTgiG4HoK1USs5FjpKiEINt3MpViyF7oCYo5oe6xUMKBD9cmygrqaTvk2Mr3af_DEUHT028xxvVZ1SbQVXfU7aYhHOLxV54xRAGMvRslP6tD49VoowivnXCsoAFIevbBEAggzo7-UW7wR15tO6SKZNrE34sJm2v7cbFpN49SSHeRpZrp7LurJbxce-8-HzpUw-UQ-IOg6UEqhg_12W0PpKmn38nveuxbpmBZw6dMXAkm_9DEcPCIHjJP7P6AuKB5l_CbHze4__Fr77SKoBFO0ivG2z2B8n-roB51Ctq_7laG6kEZua11NqY=&p=18&fvj=0&vjs=3
Data Scientist for Financial Management Solutions at Service...,Darmstadt,Serviceware SE,You utilize modern data infrastructures to import and preprocess data in scalable ways.Deep interest in data science and the development of machine learning…,,https://DE.indeed.com/pagead/clk?mo=r&ad=-6NYlbfkN0B46cIKqas3EzXKE4Ur8dSeSi8nnlFxDIVcKXK1u43MkY4M1g-oYSi5KYwwlYd0jmZRASoIn17j3Mwh9JG8HtXvlerpnYPWwhK9LDOUEjc6AHoBPO2EoXeoCn-rfhtVGxPo5ci6OuylwlQLr667miPa6JHrJ6FcncA04qaikFzicjZ0O1bfyV0IsWf_J_KStSA7UotDExbzfbYsWteQLTKcMvJQqzVco2ZMjDGBKGwyMuutzwp6bQDCRtG_0WKQ-aJnbTvHZXg1vdBuCgZiYJq1WmgcwMTIDim1D2lkhkc8733zh4HYlJ_6JeljOgpomvjcVTjlNjyi7h867n1S_zzgA9vctY806nYNo6DwZlaKCxtMw5fI_MS2n48AxAdV-mXbhEDC5EHGE_Q08WFF7wckDaEfkg8S-ThFoCGHKOQ1dvLYymOqs8YI7xYhi4G5pPfJvHi5oDJxbtoCV2XAGWjms9Im5AtKHGe0KkgotOblqmCVOz1y9dtvmHvS6Kgx2zS2oXnKw-blsnDingB1KCveMXaCFMChhD6fy5HS-BM6a0Qhp33eLQWa&p=19&fvj=0&vjs=3,2021-06-23 00:00:00,https://DE.indeed.com/pagead/clk?mo=r&ad=-6NYlbfkN0B46cIKqas3EzXKE4Ur8dSeSi8nnlFxDIVcKXK1u43MkY4M1g-oYSi5KYwwlYd0jmZRASoIn17j3Mwh9JG8HtXvlerpnYPWwhK9LDOUEjc6AHoBPO2EoXeoCn-rfhtVGxPo5ci6OuylwlQLr667miPa6JHrJ6FcncA04qaikFzicjZ0O1bfyV0IsWf_J_KStSA7UotDExbzfbYsWteQLTKcMvJQqzVco2ZMjDGBKGwyMuutzwp6bQDCRtG_0WKQ-aJnbTvHZXg1vdBuCgZiYJq1WmgcwMTIDim1D2lkhkc8733zh4HYlJ_6JeljOgpomvjcVTjlNjyi7h867n1S_zzgA9vctY806nYNo6DwZlaKCxtMw5fI_MS2n48AxAdV-mXbhEDC5EHGE_Q08WFF7wckDaEfkg8S-ThFoCGHKOQ1dvLYymOqs8YI7xYhi4G5pPfJvHi5oDJxbtoCV2XAGWjms9Im5AtKHGe0KkgotOblqmCVOz1y9dtvmHvS6Kgx2zS2oXnKw-blsnDingB1KCveMXaCFMChhD6fy5HS-BM6a0Qhp33eLQWa&p=19&fvj=0&vjs=3
Junior Data Scientist (m/w/d),Köln,Klosterfrau Healthcare Group,"Unweit von Dom und Rhein sind vor allem die Unternehmensbereiche Vertrieb, Marketing und Verwaltung angesiedelt, sowie das Kommisionierlager.",,https://DE.indeed.com/rc/clk?jk=51169473db96711d&fccid=5ce3110e238de6e9&vjs=3,2021-06-23 00:00:00,https://DE.indeed.com/rc/clk?jk=51169473db96711d&fccid=5ce3110e238de6e9&vjs=3
Data Scientist (m/w/d) (Mediengruppe RTL Deutschland),Köln,Mediengruppe RTL Deutschland GmbH,"Perform complex analyses of structured and unstructured data.In-depth knowledge of a comon data science technology stack (e.g., Python, Spark, Keras, Pytorch,…",,https://DE.indeed.com/rc/clk?jk=15e10ea3f0671a3d&fccid=fbfa2a64df16824c&vjs=3,2021-06-23 00:00:00,https://DE.indeed.com/rc/clk?jk=15e10ea3f0671a3d&fccid=fbfa2a64df16824c&vjs=3
Data Scientist*,Köln,Gothaer,"/Woche mit flexibler Arbeitszeit, 30 Urlaubstage, individuelle Unterstützungsmodelle für Familien (z.B. KiTa-Kooperation, Ferienbetreuung), Sabbatical.",,https://DE.indeed.com/rc/clk?jk=069fd8cb385c5ecc&fccid=24078f0b0f85b481&vjs=3,2021-06-23 00:00:00,https://DE.indeed.com/rc/clk?jk=069fd8cb385c5ecc&fccid=24078f0b0f85b481&vjs=3
Sleep Data Scientist / Data Engineer,Frankfurt am Main,Emma The Sleep Company,Implement optimized data representations (views) and aggregations from multiple data sources.Deep interest in data science.Who we're looking for.,,https://DE.indeed.com/rc/clk?jk=7a8aefbe28432f78&fccid=28838a4ebeb1c188&vjs=3,2021-06-23 00:00:00,https://DE.indeed.com/rc/clk?jk=7a8aefbe28432f78&fccid=28838a4ebeb1c188&vjs=3
Data Scientist NLP and Text Mining (f/m/d),Essen,Digitaltreiber UG,"Implement data mining and machine learning modules able to deal with entity, event and relationship extraction from unstructured collections.",,https://DE.indeed.com/rc/clk?jk=cfa8e9d86b5e8730&fccid=151dc0c15685022a&vjs=3,2021-06-23 00:00:00,https://DE.indeed.com/rc/clk?jk=cfa8e9d86b5e8730&fccid=151dc0c15685022a&vjs=3
Data Scientist,Köln,FedEx Express Germany GmbH,Using data analytics as a foundation and embed data driven decision.Move into a central role within the Planning and Engineering organization.,,https://DE.indeed.com/rc/clk?jk=7853bdc8c0c10825&fccid=5c439b65a0bd045b&vjs=3,2021-06-23 00:00:00,https://DE.indeed.com/rc/clk?jk=7853bdc8c0c10825&fccid=5c439b65a0bd045b&vjs=3
Werkstudent Data Scientist (w/m/d),Ratingen,xValue GmbH,"Aufbereitung und Bereitstellung von Daten mittels Data Mining und Analysemethoden.Immatrikulierter Student, idealerweise im Bereich Informatik, Mathematik,…",,https://DE.indeed.com/rc/clk?jk=34d6f7154403561e&fccid=e005225fd62f8134&vjs=3,2021-06-23 00:00:00,https://DE.indeed.com/rc/clk?jk=34d6f7154403561e&fccid=e005225fd62f8134&vjs=3
Data Scientist (m(f/d),Herzogenaurach,Adidas,A data scientist is a specialist who applies its expertise in statistics and building machine learning models to make predictions and answer key business…,,https://DE.indeed.com/pagead/clk?mo=r&ad=-6NYlbfkN0DM9d8-jG9jVB1zys9c8lXjT1I0dcDXjaKt5BW1g5bhuXLmOOSnOalVw60SKmtfo8lWfQvnwEh3dUSHxsUrkthtazc6SgBiftjKH8jBUWfyq3EcdbsCt5tHuYj7s-BDlBoBP-kojtVkCMRgPZyFqHhoZTZBAwVkfXVjjySbHdlTqjosSkH2TexkSu3v9KWlwgItVIYU-yl8fTg_vmoXgv3Xp6gRR-EVrnINXcuU6i85HsWuI7Riw2KMyBSt0KRMaFjSdWLWQ49AtbRwK92tmZqMSfxfX5-PbVtbKrgzFclg07oXprb7m-0wI1RA-khCaG50rekZTijg6J7OOLRcu322iKlKqhmu7W6hwFJpd3RqABS1P3PPnYv-4y7LyjH9tvd81ZwYoxSyJugk7RNdnrRvmNzQWNDRt8koFH2ONbpZp8CLwpet7k0V43-H3qxL3h0E8G8m5CHPjQrOvTbVaKZvlVuQueXPdVL4PcvWPly9JxNfgWYXiD3HnaVmO0T4g9mKZAC74yVCMV1nde3V39D4UcYEgJivABmdYS67QaDr9HtChp9LGF2xYZ11YJ-hBP2MiwE1VkyfS7JxZffunN6TOGP8_cSXXjTP4AXOAui92wNAvuXuPn5e0_2xl0qCI78=&p=7&fvj=0&vjs=3,2021-06-23 00:00:00,https://DE.indeed.com/pagead/clk?mo=r&ad=-6NYlbfkN0DM9d8-jG9jVB1zys9c8lXjT1I0dcDXjaKt5BW1g5bhuXLmOOSnOalVw60SKmtfo8lWfQvnwEh3dUSHxsUrkthtazc6SgBiftjKH8jBUWfyq3EcdbsCt5tHuYj7s-BDlBoBP-kojtVkCMRgPZyFqHhoZTZBAwVkfXVjjySbHdlTqjosSkH2TexkSu3v9KWlwgItVIYU-yl8fTg_vmoXgv3Xp6gRR-EVrnINXcuU6i85HsWuI7Riw2KMyBSt0KRMaFjSdWLWQ49AtbRwK92tmZqMSfxfX5-PbVtbKrgzFclg07oXprb7m-0wI1RA-khCaG50rekZTijg6J7OOLRcu322iKlKqhmu7W6hwFJpd3RqABS1P3PPnYv-4y7LyjH9tvd81ZwYoxSyJugk7RNdnrRvmNzQWNDRt8koFH2ONbpZp8CLwpet7k0V43-H3qxL3h0E8G8m5CHPjQrOvTbVaKZvlVuQueXPdVL4PcvWPly9JxNfgWYXiD3HnaVmO0T4g9mKZAC74yVCMV1nde3V39D4UcYEgJivABmdYS67QaDr9HtChp9LGF2xYZ11YJ-hBP2MiwE1VkyfS7JxZffunN6TOGP8_cSXXjTP4AXOAui92wNAvuXuPn5e0_2xl0qCI78=&p=7&fvj=0&vjs=3
Data Scientist (m/w/d),Bonn,Deutsche Telekom Technik GmbH,Als Data Scientist analysieren Sie komplexer Datenbestände mittels Advanced Analytics Methoden auf aktuellen Datenplattformen und werten diese aus.,,https://DE.indeed.com/rc/clk?jk=a498a8ec5800dfa6&fccid=35ddaf47d249e618&vjs=3,2021-06-23 00:00:00,https://DE.indeed.com/rc/clk?jk=a498a8ec5800dfa6&fccid=35ddaf47d249e618&vjs=3
(Junior) Data Scientist (m/w/d),Köln,Konzernzentrale,Als (Junior) Data Scientist setzen Sie spannende und herausfordernde IT-Projekten im Lebensmittelhandel zur Optimierung des Einkauferlebnisses und den…,,https://DE.indeed.com/rc/clk?jk=72861ba53a7cee9d&fccid=89e83254d421721b&vjs=3,2021-06-23 00:00:00,https://DE.indeed.com/rc/clk?jk=72861ba53a7cee9d&fccid=89e83254d421721b&vjs=3
Abschlussarbeit / Praktikum im Bereich der Künstlichen Intel...,Elz,TPN² - Transformation Partner Network,Methoden des Machine Learning eröffnen in vielen Geschäftsbereichen eine Vielzahl von neuen Möglichkeiten: NLP/AutoML z.B.,,https://DE.indeed.com/rc/clk?jk=a15db8d3810dace2&fccid=8f751f7c67e109a5&vjs=3,2021-06-23 00:00:00,https://DE.indeed.com/rc/clk?jk=a15db8d3810dace2&fccid=8f751f7c67e109a5&vjs=3
Data Scientist (m/w/d),Leverkusen,Currenta,"Universitäres Hochschulstudium (idealerweise Promotion), gern in: Business Analytics, Computational Engineering, Mathematik oder Naturwissenschaften.",,https://DE.indeed.com/rc/clk?jk=c220d4c5d83f1b34&fccid=6bd74023a0a5111f&vjs=3,2021-06-23 00:00:00,https://DE.indeed.com/rc/clk?jk=c220d4c5d83f1b34&fccid=6bd74023a0a5111f&vjs=3
Data Scientist mit starkem Engineering Interesse (w/m/d),Dortmund,ADEAL Systems GmbH,Data Scientist *mit starkem Engineering Interesse(*).Keine Standortbindung bzw. die Möglichkeit remote zu arbeiten.Flexibilität bei weiteren Ideen von Dir.,,https://DE.indeed.com/company/ADEAL-Systems-GmbH/jobs/Data-Scientist-MIT-Starkem-Engineering-Interesse-3144f2a035c7ae41?fccid=3f95cfc2ebb9ec64&vjs=3,2021-06-23 00:00:00,https://DE.indeed.com/company/ADEAL-Systems-GmbH/jobs/Data-Scientist-MIT-Starkem-Engineering-Interesse-3144f2a035c7ae41?fccid=3f95cfc2ebb9ec64&vjs=3
Data Scientist for Financial Management Solutions at Service...,Darmstadt,Serviceware SE,You utilize modern data infrastructures to import and preprocess data in scalable ways.Deep interest in data science and the development of machine learning…,,https://DE.indeed.com/pagead/clk?mo=r&ad=-6NYlbfkN0B46cIKqas3EzXKE4Ur8dSeSi8nnlFxDIVcKXK1u43MkY4M1g-oYSi5KYwwlYd0jmZRASoIn17j3Mwh9JG8HtXvlerpnYPWwhK9LDOUEjc6AHoBPO2EoXeoCn-rfhtVGxPo5ci6OuylwlQLr667miPa6JHrJ6FcncA04qaikFzicjZ0O1bfyV0IFb6ntiMN6aYi9ko9AY9CrAZzkrOyBu2Ot2-jNAWPjtsQ8DDOead0ZjkkJOaLuIxYg7Mr4CiGgxO_TwAl968bd1eQ6hX1WC_ZEoGDJARIIHBgENbokNOJJ_8ry6JNxK1ZJhtJSCVsA1NEWtXIZa1ffmhM6GXReAC0UeVGqfqpfdKULS5P9F4sT54j8OSv8FPlIQtMmI7Q2v5_y-jmxhpdQMerOQ6Okw8jxYwI4C8yAYf7-TTTsE0MZDlEDrzlSJclicvk4sqCwiZBevMvoOeQlB79DV9fQI1wGw3uxqng8yOM500MJAEaT_gIxWbEGdFv4b2YTEBEu-wr4J1m192Q3I8xbDHWGFue5aNHg-PyD1OTv8vsHHkSzpjI7D7BIPGh&p=0&fvj=0&vjs=3,2021-06-23 00:00:00,https://DE.indeed.com/pagead/clk?mo=r&ad=-6NYlbfkN0B46cIKqas3EzXKE4Ur8dSeSi8nnlFxDIVcKXK1u43MkY4M1g-oYSi5KYwwlYd0jmZRASoIn17j3Mwh9JG8HtXvlerpnYPWwhK9LDOUEjc6AHoBPO2EoXeoCn-rfhtVGxPo5ci6OuylwlQLr667miPa6JHrJ6FcncA04qaikFzicjZ0O1bfyV0IFb6ntiMN6aYi9ko9AY9CrAZzkrOyBu2Ot2-jNAWPjtsQ8DDOead0ZjkkJOaLuIxYg7Mr4CiGgxO_TwAl968bd1eQ6hX1WC_ZEoGDJARIIHBgENbokNOJJ_8ry6JNxK1ZJhtJSCVsA1NEWtXIZa1ffmhM6GXReAC0UeVGqfqpfdKULS5P9F4sT54j8OSv8FPlIQtMmI7Q2v5_y-jmxhpdQMerOQ6Okw8jxYwI4C8yAYf7-TTTsE0MZDlEDrzlSJclicvk4sqCwiZBevMvoOeQlB79DV9fQI1wGw3uxqng8yOM500MJAEaT_gIxWbEGdFv4b2YTEBEu-wr4J1m192Q3I8xbDHWGFue5aNHg-PyD1OTv8vsHHkSzpjI7D7BIPGh&p=0&fvj=0&vjs=3
Data Scientist (m/w/d),Frankfurt am Main,ONE LOGIC GmbH,Als Data Scientist bist Du ein echtes Multitalent mit mindestens 2 Jahren Berufserfahrung (oder Promotion) und bedienst die Schnittstelle zwischen Kommunikation…,,https://DE.indeed.com/pagead/clk?mo=r&ad=-6NYlbfkN0D-s-idMxiSjpPAyDPHYP0Mth8b2wm-uPa9LuX1LGreM2FaNKdRYBCrcPaZgpbZkHD4cMLCwLSux6K2zLFd0cvKv5-LCaR5cjucYVvO1hUhPmaL1F7djop0OkaLlazHXV-FiW3JKB89wTgiG4HoK1USs5FjpKiEINsfuTvztn_FEMOwczX0M-4ULL3e0xFMICMSOTS31149kYZvWrf0EACv69SdkWSNYpfJHtvDx-PjKSKDrHNT8TWOfxFcb2iWLVXfxirIUUGENqFjyRCmOEHMyB2HRZS7h79bxSYdM2Gpzpn6Jc_bg1-ZUpZMWcqJqnGLkTdi-uDcW4fGZm25PJpBi-fG_uJiY9d09Pyoj2bMU1csQ5XsNC2kULoYZP-ObIurr7fRMD_-BGusGI9tmBB4_VaiCSmV4cJA_EN4po3--wDe9RH1rra1C24c1hNQcr0=&p=1&fvj=0&vjs=3,2021-06-23 00:00:00,https://DE.indeed.com/pagead/clk?mo=r&ad=-6NYlbfkN0D-s-idMxiSjpPAyDPHYP0Mth8b2wm-uPa9LuX1LGreM2FaNKdRYBCrcPaZgpbZkHD4cMLCwLSux6K2zLFd0cvKv5-LCaR5cjucYVvO1hUhPmaL1F7djop0OkaLlazHXV-FiW3JKB89wTgiG4HoK1USs5FjpKiEINsfuTvztn_FEMOwczX0M-4ULL3e0xFMICMSOTS31149kYZvWrf0EACv69SdkWSNYpfJHtvDx-PjKSKDrHNT8TWOfxFcb2iWLVXfxirIUUGENqFjyRCmOEHMyB2HRZS7h79bxSYdM2Gpzpn6Jc_bg1-ZUpZMWcqJqnGLkTdi-uDcW4fGZm25PJpBi-fG_uJiY9d09Pyoj2bMU1csQ5XsNC2kULoYZP-ObIurr7fRMD_-BGusGI9tmBB4_VaiCSmV4cJA_EN4po3--wDe9RH1rra1C24c1hNQcr0=&p=1&fvj=0&vjs=3
Data Scientist (Forecasting) (m/f/d),Mannheim,Chemovator GmbH,"You design and build advanced AI/ML/Statistical models that enhance our state-of-the-art digital product that makes forecasting easy, accurate & accessible for…",,https://DE.indeed.com/pagead/clk?mo=r&ad=-6NYlbfkN0Bhs3-EJycOKu_eM_8KjjvWJ76Vrl48FAA2U9D1Lb4hWcfae2MAjDh453Vnw--a4KN_wD5uYx8OtbVkJIAgiC1CF2_8uHM_Wsur4hENDSDnETyTltV-xGrEXd7XKPInlHsTGIW_x4-is-tbvike4XZCAqRKs1n04zcHNPicdm6Qkuy82JXoB2PB_7JtaYj6IRA4r0_2WA1Pl1qEs0JuMK0Eg8yS5k-pvV5bd_0rtXscKqZildhFyyrs_VdeKsvgjDh3FEp1Iz-HA9ujJY4JKpuJep7x5vptdqSDvYL5zG3-VIjmHB9QUgQOo3Mhkoqefwe3AuusM4zz8j2rjaSN-sUbA5OPtFNzz53WXrlg1IECIEv8uVvEVdlFsox-HAdp5rw7iion00eIZmTknGGDayhIuJdgBFF_ej-QGIsy9eWV0dFMmYLocoHCK6qiG3005Nw=&p=2&fvj=0&vjs=3,2021-06-23 00:00:00,https://DE.indeed.com/pagead/clk?mo=r&ad=-6NYlbfkN0Bhs3-EJycOKu_eM_8KjjvWJ76Vrl48FAA2U9D1Lb4hWcfae2MAjDh453Vnw--a4KN_wD5uYx8OtbVkJIAgiC1CF2_8uHM_Wsur4hENDSDnETyTltV-xGrEXd7XKPInlHsTGIW_x4-is-tbvike4XZCAqRKs1n04zcHNPicdm6Qkuy82JXoB2PB_7JtaYj6IRA4r0_2WA1Pl1qEs0JuMK0Eg8yS5k-pvV5bd_0rtXscKqZildhFyyrs_VdeKsvgjDh3FEp1Iz-HA9ujJY4JKpuJep7x5vptdqSDvYL5zG3-VIjmHB9QUgQOo3Mhkoqefwe3AuusM4zz8j2rjaSN-sUbA5OPtFNzz53WXrlg1IECIEv8uVvEVdlFsox-HAdp5rw7iion00eIZmTknGGDayhIuJdgBFF_ej-QGIsy9eWV0dFMmYLocoHCK6qiG3005Nw=&p=2&fvj=0&vjs=3
Intern Data Scientist (m/f/d),Mannheim,Chemovator GmbH,"You have gained at least 1 year of experience in data analytics, data preprocessing, machine learning, artificial intelligence or related topics in an industry…",,https://DE.indeed.com/pagead/clk?mo=r&ad=-6NYlbfkN0Bhs3-EJycOKu_eM_8KjjvWJ76Vrl48FAA2U9D1Lb4hWcfae2MAjDh453Vnw--a4KOkLpNRWRu2d9EXXeRUse2z0JaOTrFpPnbyuY8UJSWnjfUdbgimLW_ovMlWgthOLXYmS-cHKXFVJhxdDYoQMk7HveFId8DccXsS6QlnuRfgocMFYHsRcn86KHtjkY-MHctPll0jaskv5oLSYSNvp5iJ91Mse5fvVUn4DVa90cmJrgwjfb6Q-7e33uJxuKKWCg4O4YF0Qk61p2-S6fi_Nl9nfSJqdiZluJuXYx5s0jYVAZspIj7ulEPvoANr9xl8FQ7WsbrLl2kAG7ZwL1by44TRUd7FFqZK0zQKF50OfC1qBMVxOLEeU7iQJbRDkPNU5p0Ij_IhTSbswVxGeuCIy5XW9KL1EuCvfwrKt5ff2NUHptMCG_0G8q5jjZr-P3l0HoI=&p=3&fvj=0&vjs=3,2021-06-23 00:00:00,https://DE.indeed.com/pagead/clk?mo=r&ad=-6NYlbfkN0Bhs3-EJycOKu_eM_8KjjvWJ76Vrl48FAA2U9D1Lb4hWcfae2MAjDh453Vnw--a4KOkLpNRWRu2d9EXXeRUse2z0JaOTrFpPnbyuY8UJSWnjfUdbgimLW_ovMlWgthOLXYmS-cHKXFVJhxdDYoQMk7HveFId8DccXsS6QlnuRfgocMFYHsRcn86KHtjkY-MHctPll0jaskv5oLSYSNvp5iJ91Mse5fvVUn4DVa90cmJrgwjfb6Q-7e33uJxuKKWCg4O4YF0Qk61p2-S6fi_Nl9nfSJqdiZluJuXYx5s0jYVAZspIj7ulEPvoANr9xl8FQ7WsbrLl2kAG7ZwL1by44TRUd7FFqZK0zQKF50OfC1qBMVxOLEeU7iQJbRDkPNU5p0Ij_IhTSbswVxGeuCIy5XW9KL1EuCvfwrKt5ff2NUHptMCG_0G8q5jjZr-P3l0HoI=&p=3&fvj=0&vjs=3
(JUNIOR) DATA SCIENTIST (m/w/d),Home Office,Synamic Technologies,Mit unserem Produkt Patch Pilot sagen wir veralteter Software und Sicherheitslücken den Kampf an.(Weiter-)Entwicklung der Algorithmen zu Entity Extraction und…,,https://DE.indeed.com/rc/clk?jk=b4229c0ba0412dc7&fccid=33c74e43496af5e6&vjs=3,2021-06-23 00:00:00,https://DE.indeed.com/rc/clk?jk=b4229c0ba0412dc7&fccid=33c74e43496af5e6&vjs=3
Data Scientist mit Engineering Interesse (w/m/d),Aachen,ADEAL Systems GmbH,Data Scientist *mit starkem Engineering Interesse(*).Keine Standortbindung bzw. die Möglichkeit remote zu arbeiten.Flexibilität bei weiteren Ideen von Dir.,,https://DE.indeed.com/company/ADEAL-Systems-GmbH/jobs/Data-Scientist-MIT-Engineering-Interesse-abe470edaa51284a?fccid=3f95cfc2ebb9ec64&vjs=3,2021-06-23 00:00:00,https://DE.indeed.com/company/ADEAL-Systems-GmbH/jobs/Data-Scientist-MIT-Engineering-Interesse-abe470edaa51284a?fccid=3f95cfc2ebb9ec64&vjs=3
Data Analyst / Data Scientist (d/m/w) für neuartige LED-Chip...,Regensburg,OSRAM Opto Semiconductors GmbH,"Die ams-Gruppe, zu der die börsennotierten Unternehmen ams AG als Muttergesellschaft und OSRAM Licht AG gehören, ist ein weltweit führender Anbieter von…",,https://DE.indeed.com/pagead/clk?mo=r&ad=-6NYlbfkN0CfTGsNmih7P4jXgZRnGMoSPOQHHctS9Z-GzEWDa_ojT08kLOcr0rqtZPPihqXRdGcvxJnE-6pj7gNuLcyXk_nCp1LHANQxfQOLnA1PGeakQYK-nzyClNeWPPm51dLe3bBeEzE3kdsLhoanhUa04D96wl3wm_y0L2Hd5qH9JLtjTOCanFr7ikmD2qkwmIA7YHT0v9sJUBN-szXheBbh1qWmoMRrTAAXE6dm36OmZa78l7QF51Y-NZ2Dh6JJY8l5UaW3H4uq3_h_vYSfq6lF4NOvO1dc3_F7_wAj9plePDZYHX-V9pC140el_TUT3f6UtC6Kw1l3mSsJ-OGs-01u1o00I8czMjTrRAOmyfFEhLgQIsXvNplTK8azXy3N2EpAt4qSOEXiI8kW12qOpTiJ2tdWL-u3a0jeyR_o31oardpzjbOQcjyM18DmuGEoWs1HDbHudaeVL4srlKYsUBICmmF2DQekSF_uZR-VY7HeQ0WS5Pzav8wPjoXrMgcHqRoK0KIuGnEm9YUIv2RLZbaGROVtwhVodGAtJy8-_DY2xE-vAeJuyVbe9Box1i0gk7l5LOk=&p=14&fvj=0&vjs=3,2021-06-23 00:00:00,https://DE.indeed.com/pagead/clk?mo=r&ad=-6NYlbfkN0CfTGsNmih7P4jXgZRnGMoSPOQHHctS9Z-GzEWDa_ojT08kLOcr0rqtZPPihqXRdGcvxJnE-6pj7gNuLcyXk_nCp1LHANQxfQOLnA1PGeakQYK-nzyClNeWPPm51dLe3bBeEzE3kdsLhoanhUa04D96wl3wm_y0L2Hd5qH9JLtjTOCanFr7ikmD2qkwmIA7YHT0v9sJUBN-szXheBbh1qWmoMRrTAAXE6dm36OmZa78l7QF51Y-NZ2Dh6JJY8l5UaW3H4uq3_h_vYSfq6lF4NOvO1dc3_F7_wAj9plePDZYHX-V9pC140el_TUT3f6UtC6Kw1l3mSsJ-OGs-01u1o00I8czMjTrRAOmyfFEhLgQIsXvNplTK8azXy3N2EpAt4qSOEXiI8kW12qOpTiJ2tdWL-u3a0jeyR_o31oardpzjbOQcjyM18DmuGEoWs1HDbHudaeVL4srlKYsUBICmmF2DQekSF_uZR-VY7HeQ0WS5Pzav8wPjoXrMgcHqRoK0KIuGnEm9YUIv2RLZbaGROVtwhVodGAtJy8-_DY2xE-vAeJuyVbe9Box1i0gk7l5LOk=&p=14&fvj=0&vjs=3
Data Scientist (d/m/w) für neuartige LED-Chip-Produkte,Regensburg,OSRAM Opto Semiconductors GmbH,"Die ams-Gruppe, zu der die börsennotierten Unternehmen ams AG als Muttergesellschaft und OSRAM Licht AG gehören, ist ein weltweit führender Anbieter von…",,https://DE.indeed.com/pagead/clk?mo=r&ad=-6NYlbfkN0CfTGsNmih7P4jXgZRnGMoSPOQHHctS9Z-GzEWDa_ojT08kLOcr0rqtZPPihqXRdGcvxJnE-6pj7o_KtewZDBBi0EHPeLN3rV_Xbc-WG9voxnLoVcMLu1VdU3GNqwSP_MPUg9TTIeXFTmDa9Gyv-5qLYG4P-TcjhhvunhWegpfsNcyQOCwNsk41Nhg1J_sk5OePIM3pyn1fSqCLuZSt5SMSCRyCzdytPz_NnbQO1qmSS5IUP-ca2wUJ_PzBZH_I7lFomwkmwVi7Y2zC_O7Kt6AQ1V39ZamOgtctDL6uQ3FHAN4d6jWfeFfzP4gjVku4i-tMX1EAxjWT1_ISJ5evKndKthE_PDBETg7nO71ttgB6jK5y4vLhNG55EvfQ3TgLyratHQ56k5yyZc1TZ5wSxUTUg2hA6omEhSnTmrZeL4Q9jAcFZy4y8R1hUlpv-7w67nQO-2u-q7WoX8uL7VGeidtQ_LapWabXwxG_bTU6mGdrK5QGGTBzF9DGvBe-bWAcZs_XyrrP3lQV31F3IGr6IaN8dp794HiheeSuwP7usrlxfQ==&p=15&fvj=0&vjs=3,2021-06-23 00:00:00,https://DE.indeed.com/pagead/clk?mo=r&ad=-6NYlbfkN0CfTGsNmih7P4jXgZRnGMoSPOQHHctS9Z-GzEWDa_ojT08kLOcr0rqtZPPihqXRdGcvxJnE-6pj7o_KtewZDBBi0EHPeLN3rV_Xbc-WG9voxnLoVcMLu1VdU3GNqwSP_MPUg9TTIeXFTmDa9Gyv-5qLYG4P-TcjhhvunhWegpfsNcyQOCwNsk41Nhg1J_sk5OePIM3pyn1fSqCLuZSt5SMSCRyCzdytPz_NnbQO1qmSS5IUP-ca2wUJ_PzBZH_I7lFomwkmwVi7Y2zC_O7Kt6AQ1V39ZamOgtctDL6uQ3FHAN4d6jWfeFfzP4gjVku4i-tMX1EAxjWT1_ISJ5evKndKthE_PDBETg7nO71ttgB6jK5y4vLhNG55EvfQ3TgLyratHQ56k5yyZc1TZ5wSxUTUg2hA6omEhSnTmrZeL4Q9jAcFZy4y8R1hUlpv-7w67nQO-2u-q7WoX8uL7VGeidtQ_LapWabXwxG_bTU6mGdrK5QGGTBzF9DGvBe-bWAcZs_XyrrP3lQV31F3IGr6IaN8dp794HiheeSuwP7usrlxfQ==&p=15&fvj=0&vjs=3
Data Analyst / Data Scientist / Controller (m/w/d),Lüdenscheid,Märkische Gesundheitsholding GmbH & Co. KG,"Data Analyst / Data Scientist / Controller (m/w/d).Mit gutem Erfolg abgeschlossenes Studium der (Medizin- oder Wirtschafts-)informatik, Gesundheitsökonomie,…",,https://DE.indeed.com/pagead/clk?mo=r&ad=-6NYlbfkN0APuIM4cdCoQnJeXP9-3p7wuKd8xI260ZgevPS09Bc223lCx_sQswd-5KUx1dC0mNUZPE_jRS4tX6th9BBIna1HBadZ8EeGcXpWwQNZ1Cx45gM3DhZWh9pTbVS_neU6Nn7mfPL3zqfEvILL0CZVIy7ZFGH9L7UUWYVGs_rjXIX2HK34dFgBrmkUD8MOI5yWGUCA5I0TgEPPOtZwW4VIv9Elf6mzGPTN1GcpjjX4sDLDUXtjnmTt_f8bGKddq7JE-nhVnhjhT4O-3kMU18fcdovGVsxxA_RWY3te3MuH5VsVWkRZn26tNGlqLPGyJlpmx6MUX86_KIlGtZkn-NOKzxgsGh156mHdIlsSr5AF_j53E2JjFLSPH-4MjLCGYuXASjGU1u8v0vXxcJkZoqtJhxr5lPcZCC2kqemCL6GO4mJ0qkQH4EuOb0cSny5GDvdAGCDDxW2KnnmLNjcs8fMDPGMiUnXPZOuI0bcA1G62Pw31LQ==&p=16&fvj=0&vjs=3,2021-06-23 00:00:00,https://DE.indeed.com/pagead/clk?mo=r&ad=-6NYlbfkN0APuIM4cdCoQnJeXP9-3p7wuKd8xI260ZgevPS09Bc223lCx_sQswd-5KUx1dC0mNUZPE_jRS4tX6th9BBIna1HBadZ8EeGcXpWwQNZ1Cx45gM3DhZWh9pTbVS_neU6Nn7mfPL3zqfEvILL0CZVIy7ZFGH9L7UUWYVGs_rjXIX2HK34dFgBrmkUD8MOI5yWGUCA5I0TgEPPOtZwW4VIv9Elf6mzGPTN1GcpjjX4sDLDUXtjnmTt_f8bGKddq7JE-nhVnhjhT4O-3kMU18fcdovGVsxxA_RWY3te3MuH5VsVWkRZn26tNGlqLPGyJlpmx6MUX86_KIlGtZkn-NOKzxgsGh156mHdIlsSr5AF_j53E2JjFLSPH-4MjLCGYuXASjGU1u8v0vXxcJkZoqtJhxr5lPcZCC2kqemCL6GO4mJ0qkQH4EuOb0cSny5GDvdAGCDDxW2KnnmLNjcs8fMDPGMiUnXPZOuI0bcA1G62Pw31LQ==&p=16&fvj=0&vjs=3
Data Scientist angewandte Statistik (m/w/d),Düsseldorf,PPI AG,"Ziel Deiner Arbeit ist es, unseren Kunden valide Entscheidungsgrundlagen bereitzustellen und mit ihnen gemeinsam datengetriebene Geschäftsprozesse zu gestalten.",,https://DE.indeed.com/pagead/clk?mo=r&ad=-6NYlbfkN0B9_8vpTCBCJtvxBVpLryBLOAXuxUysyGLX9Q3PaR1DIrFz3AhqvM6H6xbY8xW9DXlerttfWmA5I0HS5VRruqqrEgOrc8Zrta29HSz9HFPSZSdBVBMt8v4SRDEuSofOrReUYlQlv2WcFfS_4iO0KhtpcO9iUVzQ7U1XvwHMiSPCa5OJ2CNDN95zOG_ZKdOly3FRidRAZ5Wym2MovVWLG3q0rk6dgNpTK8WwSU3C4pZIzp8syvH-LRQkjvDGVxKMJazzgUjjqczt3iLzOtJb0fcZvJWu4a5uEfIwgjwD0h47EwnFEIY-iFTwmW7kxAhm9SIDnN8r7yMsfCS4gwHetV0PqM5dme6BUQzVfZFOC6j5C8wIznF4QztsoSvzWceoHzrhYxbhlGFue1H_Qp-kzKgOACp6vGpc52U0W6Tgrp6_fZ1ZF33q4j4IXw8zExQwuaqEzy9gaiTV4qrkAQeQGhqhoJN3TadKu3mZcroa7sZUYIEvWsKK2PqK1-mRUIIvRXjp957_ICLQEkUpjrjS0U4iUjwq_ldKCgE=&p=17&fvj=1&vjs=3,2021-06-23 00:00:00,https://DE.indeed.com/pagead/clk?mo=r&ad=-6NYlbfkN0B9_8vpTCBCJtvxBVpLryBLOAXuxUysyGLX9Q3PaR1DIrFz3AhqvM6H6xbY8xW9DXlerttfWmA5I0HS5VRruqqrEgOrc8Zrta29HSz9HFPSZSdBVBMt8v4SRDEuSofOrReUYlQlv2WcFfS_4iO0KhtpcO9iUVzQ7U1XvwHMiSPCa5OJ2CNDN95zOG_ZKdOly3FRidRAZ5Wym2MovVWLG3q0rk6dgNpTK8WwSU3C4pZIzp8syvH-LRQkjvDGVxKMJazzgUjjqczt3iLzOtJb0fcZvJWu4a5uEfIwgjwD0h47EwnFEIY-iFTwmW7kxAhm9SIDnN8r7yMsfCS4gwHetV0PqM5dme6BUQzVfZFOC6j5C8wIznF4QztsoSvzWceoHzrhYxbhlGFue1H_Qp-kzKgOACp6vGpc52U0W6Tgrp6_fZ1ZF33q4j4IXw8zExQwuaqEzy9gaiTV4qrkAQeQGhqhoJN3TadKu3mZcroa7sZUYIEvWsKK2PqK1-mRUIIvRXjp957_ICLQEkUpjrjS0U4iUjwq_ldKCgE=&p=17&fvj=1&vjs=3
Data Scientist (d/m/w) für KI-basierte Versuchsplanung,Regensburg,OSRAM Opto Semiconductors GmbH,"Die ams-Gruppe, zu der die börsennotierten Unternehmen ams AG als Muttergesellschaft und OSRAM Licht AG gehören, ist ein weltweit führender Anbieter von…",,https://DE.indeed.com/pagead/clk?mo=r&ad=-6NYlbfkN0CfTGsNmih7P4jXgZRnGMoSPOQHHctS9Z-GzEWDa_ojT08kLOcr0rqtZPPihqXRdGeuC7Y7HfiuojhLu8vaGYyBj8XXxsmosOP5QaY8KHBHd9NAggM3nvmS7XLKHaQn4in1iM8OuCG_FKBtIgzZsOHiujSd-6_CgfXaW1iTBWaK3QxaKXp-YtdcQUeJvjgXYL0PTY2zDPVbbDtZg2WJ9tx9uUb6bsSqEM66KSDubzCNYjG5we31QY9Tim7SFpr939WoOmLvq0pJEsx7DFZ9XMpfTiy1U7VAFmjJyX_K6WaGo8BXfQY0p5Hyu3GVypi7tG7aZYW3yv6BDRmOnzqZ_IEQfeffY6dMR2ZeNYa9OXeAR8T-XKC4xNim7nSvh02WcrAKjs6mnvcuMUX7FaA6oertzsq2tgtWRakTNfjeKkCXIdqN4T-fwFbySb0yhinmpmFY5VdrGPVrysker0ArwOtdC6X-odgjuNSg031NNfM8AwAFYlk1XEVcZMGY5I-9D9wr3qcS5LKy_uYzIZOw1-cf_QxP0XQ4ocD82iBOn-lyBw==&p=18&fvj=0&vjs=3,2021-06-23 00:00:00,https://DE.indeed.com/pagead/clk?mo=r&ad=-6NYlbfkN0CfTGsNmih7P4jXgZRnGMoSPOQHHctS9Z-GzEWDa_ojT08kLOcr0rqtZPPihqXRdGeuC7Y7HfiuojhLu8vaGYyBj8XXxsmosOP5QaY8KHBHd9NAggM3nvmS7XLKHaQn4in1iM8OuCG_FKBtIgzZsOHiujSd-6_CgfXaW1iTBWaK3QxaKXp-YtdcQUeJvjgXYL0PTY2zDPVbbDtZg2WJ9tx9uUb6bsSqEM66KSDubzCNYjG5we31QY9Tim7SFpr939WoOmLvq0pJEsx7DFZ9XMpfTiy1U7VAFmjJyX_K6WaGo8BXfQY0p5Hyu3GVypi7tG7aZYW3yv6BDRmOnzqZ_IEQfeffY6dMR2ZeNYa9OXeAR8T-XKC4xNim7nSvh02WcrAKjs6mnvcuMUX7FaA6oertzsq2tgtWRakTNfjeKkCXIdqN4T-fwFbySb0yhinmpmFY5VdrGPVrysker0ArwOtdC6X-odgjuNSg031NNfM8AwAFYlk1XEVcZMGY5I-9D9wr3qcS5LKy_uYzIZOw1-cf_QxP0XQ4ocD82iBOn-lyBw==&p=18&fvj=0&vjs=3
Data Scientist (m/w/d),Wiesbaden,R+V Allgemeine Versicherung AG,Wie sich die Versicherung von morgen anfühlen wird entscheiden Sie schon heute – als Mitarbeiter (m/w/d) der R+V Versicherung.,,https://DE.indeed.com/pagead/clk?mo=r&ad=-6NYlbfkN0Bv57gMV3Z2x-BEhKc2XL7kO0lOpNQFeuE1-YL4HTKUvCteOyFnuH3GlugZsHxsAQ5nSZHfc-WpK2n9wadpg1rDjNJwPTSSxhzcQCtTG-h0MRJNFfg7KImgdbSlcd8_1q-VSxf-zY_KjDIB9Y2AZGa0n07LvpMf0kqCKUH3_oTvQgmD0DDW9z7EbhuU1SA-eJYcMg8QFehqre5bvFeJdbu4Le9EloNHjTe1HUkxO2tDz-w5psUSeG50smLfCqXX-z_VLkY4S0vptxMuRNUdT9y5Gg1OpkaJlBIuiYgDAkSMIYXFdqrSfVV-XTxNuJG82GIJvCfkTJf0adLfH7HWNPxe9de1-H8VU7csVHPQHjmqyJ_1unIwUM5UHjSu5IbucB6MCzhYbKr7RPgR375E-aZ7y3GGyTO_LoCknlu73WmL3PbeCOT7gkRc0CZRe67sKAEXd-HJw5z7iAzrU_8nxjk_&p=19&fvj=0&vjs=3,2021-06-23 00:00:00,https://DE.indeed.com/pagead/clk?mo=r&ad=-6NYlbfkN0Bv57gMV3Z2x-BEhKc2XL7kO0lOpNQFeuE1-YL4HTKUvCteOyFnuH3GlugZsHxsAQ5nSZHfc-WpK2n9wadpg1rDjNJwPTSSxhzcQCtTG-h0MRJNFfg7KImgdbSlcd8_1q-VSxf-zY_KjDIB9Y2AZGa0n07LvpMf0kqCKUH3_oTvQgmD0DDW9z7EbhuU1SA-eJYcMg8QFehqre5bvFeJdbu4Le9EloNHjTe1HUkxO2tDz-w5psUSeG50smLfCqXX-z_VLkY4S0vptxMuRNUdT9y5Gg1OpkaJlBIuiYgDAkSMIYXFdqrSfVV-XTxNuJG82GIJvCfkTJf0adLfH7HWNPxe9de1-H8VU7csVHPQHjmqyJ_1unIwUM5UHjSu5IbucB6MCzhYbKr7RPgR375E-aZ7y3GGyTO_LoCknlu73WmL3PbeCOT7gkRc0CZRe67sKAEXd-HJw5z7iAzrU_8nxjk_&p=19&fvj=0&vjs=3
(Senior) Data Scientist (f/m/d) - Natural Language Processin...,Köln,"real,- Digital Payment & Technology Services GmbH","In addition, you will have access to vast amounts of other data, such as time-series sales data or customer behavioral data.",,https://DE.indeed.com/rc/clk?jk=728d888ac256896e&fccid=2a9737ca05808678&vjs=3,2021-06-23 00:00:00,https://DE.indeed.com/rc/clk?jk=728d888ac256896e&fccid=2a9737ca05808678&vjs=3
Data Scientist (m/w/d) Mobile Networks,Bonn,Deutsche Telekom Technik GmbH,Als Data Scientist (m/w/d) Mobile Networks analysierst Du komplexe Datenbestände mittels Advanced Analytics Methoden auf aktuellen Datenplattformen und wertest…,,https://DE.indeed.com/rc/clk?jk=30b199fe1fbb77ed&fccid=35ddaf47d249e618&vjs=3,2021-06-23 00:00:00,https://DE.indeed.com/rc/clk?jk=30b199fe1fbb77ed&fccid=35ddaf47d249e618&vjs=3
Junior Data Scientist - Auction Domain,Düsseldorf,trivago,Experience developing dashboards and producing data visualizations.Proficiency programming in either Python or R and relevant data manipulation packages.,,https://DE.indeed.com/rc/clk?jk=a6674143047920c0&fccid=cdb8c248b05b2673&vjs=3,2021-06-23 00:00:00,https://DE.indeed.com/rc/clk?jk=a6674143047920c0&fccid=cdb8c248b05b2673&vjs=3
Data Scientist Life Science (w/m/d),Ratingen,xValue GmbH,XValue positioniert sich als Treiber dieser Transformation und bietet als branchenübergreifende Value-Beratung kundenspezifische Leistungen in den…,,https://DE.indeed.com/rc/clk?jk=71db49921b78418a&fccid=e005225fd62f8134&vjs=3,2021-06-23 00:00:00,https://DE.indeed.com/rc/clk?jk=71db49921b78418a&fccid=e005225fd62f8134&vjs=3
NLP Data Scientist (m/f/d) wanted for Berlin! Ref.-Nr. 2787,Home Office,agex IT gmbh,Some experience with Machine Learning applied to structured data and time series.Implementation of algorithms and solutions in NLP domain.,,https://DE.indeed.com/rc/clk?jk=1f9192ff67df489d&fccid=7caf5e6a5dc09c74&vjs=3,2021-06-23 00:00:00,https://DE.indeed.com/rc/clk?jk=1f9192ff67df489d&fccid=7caf5e6a5dc09c74&vjs=3
EXPERTE DATA SCIENTIST (M/W/D) 12G1 SALES INTELLIGENCE/LEADM...,Bonn,Deutsche Post DHL Group,"Als wichtiger Teil eines engagierten, gestaltenden Teams leisten Sie einen wesentlichen Beitrag für die Umsetzung unserer strategischen Ziele im stark…",,https://DE.indeed.com/rc/clk?jk=8d6432a59e80ef1a&fccid=8ebac56eed27423d&vjs=3,2021-06-23 00:00:00,https://DE.indeed.com/rc/clk?jk=8d6432a59e80ef1a&fccid=8ebac56eed27423d&vjs=3
ML-Ops software developer / data scientist for computer visi...,Frankfurt am Main,MOBIS Parts Europe N.V.,ML-Ops software developer / data scientist for computer vision (m/f/d)*.Self-motivation and willingness to dive into complicated data engineering challenges.,,https://DE.indeed.com/company/Mobis-Parts-Europe-N.V.-Zweigniederlassung-Deutschland/jobs/MIT-Ops-Software-Developer-2a2b0ec7882b3a1f?fccid=0fc48533c2b3d412&vjs=3,2021-06-23 00:00:00,https://DE.indeed.com/company/Mobis-Parts-Europe-N.V.-Zweigniederlassung-Deutschland/jobs/MIT-Ops-Software-Developer-2a2b0ec7882b3a1f?fccid=0fc48533c2b3d412&vjs=3
Data Scientist – Computer Vision (m/f/div),Home Office,caresyntax,Discuss with partners and data providers to visualize and communicate your findings and how they can contribute to our products.,,https://DE.indeed.com/rc/clk?jk=3f0a27e0707d2b35&fccid=6537791622ea2d89&vjs=3,2021-06-23 00:00:00,https://DE.indeed.com/rc/clk?jk=3f0a27e0707d2b35&fccid=6537791622ea2d89&vjs=3
Data Scientist (gn),Düsseldorf,Handelsblatt GmbH,Objekte wie Handelsblatt und WirtschaftsWoche stehen beispielhaft für das hohe Niveau unserer Printtitel.Konzeption und Durchführung von Data-Science Projekten…,,https://DE.indeed.com/company/iq-digital-media-marketing-gmbh/jobs/Data-Scientist-c4b8b8acd455e9b5?fccid=dec3339460e9ac3b&vjs=3,2021-06-23 00:00:00,https://DE.indeed.com/company/iq-digital-media-marketing-gmbh/jobs/Data-Scientist-c4b8b8acd455e9b5?fccid=dec3339460e9ac3b&vjs=3
Data Scientist (gn),Düsseldorf,Handelsblatt GmbH,Objekte wie Handelsblatt und WirtschaftsWoche stehen beispielhaft für das hohe Niveau unserer Printtitel.Konzeption und Durchführung von Data-Science Projekten…,,https://DE.indeed.com/company/iq-digital-media-marketing-gmbh/jobs/Data-Scientist-cb0971060a76ea17?fccid=dec3339460e9ac3b&vjs=3,2021-06-23 00:00:00,https://DE.indeed.com/company/iq-digital-media-marketing-gmbh/jobs/Data-Scientist-cb0971060a76ea17?fccid=dec3339460e9ac3b&vjs=3
Data Scientist (d/f/m),Berlin,Ottobock SE & Co. KGaA,Mobility for people - worldwide. Ottobock's products and services in prosthetics and orthotics as well as human mobility and patient care ensure independence…,,https://DE.indeed.com/rc/clk?jk=f43935558e29bdd2&fccid=2198ffd77024484b&vjs=3,2021-06-23 00:00:00,https://DE.indeed.com/rc/clk?jk=f43935558e29bdd2&fccid=2198ffd77024484b&vjs=3
Data Analyst / Data Scientist (m/w/d),Berlin,PwC,Wir bieten dir als weltweit führende Wirtschaftsprüfungs- und Beratungsgesellschaft ein Maximum an Möglichkeiten für einen Karriereweg nach deinen Vorstellungen…,,https://DE.indeed.com/rc/clk?jk=b674ed728077df0c&fccid=5e964c4afc56b180&vjs=3,2021-06-23 00:00:00,https://DE.indeed.com/rc/clk?jk=b674ed728077df0c&fccid=5e964c4afc56b180&vjs=3
Battery Data Scientist (w/m/d),Garching bei München,TÜV SÜD Battery Testing GmbH,"Parametrierung und Prüfung entwickelter Batteriemodelle anhand von Messungen bzw.Daten.Abgeschlossenes Hochschulstudium im Bereich Computer Science, Informatik…",,https://DE.indeed.com/rc/clk?jk=2ee52cdb5e0a9574&fccid=0591c2eb2748b58b&vjs=3,2021-06-23 00:00:00,https://DE.indeed.com/rc/clk?jk=2ee52cdb5e0a9574&fccid=0591c2eb2748b58b&vjs=3
Data Scientist (gn),Düsseldorf,Handelsblatt GmbH,Objekte wie Handelsblatt und WirtschaftsWoche stehen beispielhaft für das hohe Niveau unserer Printtitel.Konzeption und Durchführung von Data-Science Projekten…,,https://DE.indeed.com/company/iq-digital-media-marketing-gmbh/jobs/Data-Scientist-df803e25aabc8a1e?fccid=dec3339460e9ac3b&vjs=3,2021-06-23 00:00:00,https://DE.indeed.com/company/iq-digital-media-marketing-gmbh/jobs/Data-Scientist-df803e25aabc8a1e?fccid=dec3339460e9ac3b&vjs=3
Data Scientist (gn),Düsseldorf,Handelsblatt GmbH,Objekte wie Handelsblatt und WirtschaftsWoche stehen beispielhaft für das hohe Niveau unserer Printtitel.Konzeption und Durchführung von Data-Science Projekten…,,https://DE.indeed.com/company/iq-digital-media-marketing-gmbh/jobs/Data-Scientist-a2eebac407953940?fccid=dec3339460e9ac3b&vjs=3,2021-06-24 00:00:00,https://DE.indeed.com/company/iq-digital-media-marketing-gmbh/jobs/Data-Scientist-a2eebac407953940?fccid=dec3339460e9ac3b&vjs=3
Safety Writing Scientist 1 (Monheim),Monheim,UCB S.A.,"Develop strategies for data searches in support of document preparation.Ability to gather data from relevant sources using appropriate methods and logic, and…",,https://DE.indeed.com/rc/clk?jk=1d6acc784d5c8645&fccid=33684b64e937e3af&vjs=3,2021-06-24 00:00:00,https://DE.indeed.com/rc/clk?jk=1d6acc784d5c8645&fccid=33684b64e937e3af&vjs=3
Digital Analyst / Data Scientist (d/m/w),Hannover,Verlagsgesellschaft Madsack,Das RedaktionsNetzwerk Deutschland (RND) steht für überregionalen Qualitätsjournalismus.Mehr als 50 Tageszeitungsmarken vertrauen auf unsere hochwertigen…,,https://DE.indeed.com/rc/clk?jk=b17f94397888ae7c&fccid=cd03f90fb253ce64&vjs=3,2021-06-24 00:00:00,https://DE.indeed.com/rc/clk?jk=b17f94397888ae7c&fccid=cd03f90fb253ce64&vjs=3
Data Scientist m/f/t,Deutschland,RWE Generation SE,"Evaluate data quality, cleanse data and suggest improvement measures when required.Advise on data-driven methodologies and data management systems to further…",,https://DE.indeed.com/rc/clk?jk=7fb8bd4382737f52&fccid=169d4d0de76b0575&vjs=3,2021-06-24 00:00:00,https://DE.indeed.com/rc/clk?jk=7fb8bd4382737f52&fccid=169d4d0de76b0575&vjs=3
Associate Scientist R&D (f/m/d),Home Office,LEUKOCARE AG,"Experienced in data evaluation and visualization using MS Excel and ideally experienced in using Prism.Reporting to the Team Lead R&D, you execute project…",,https://DE.indeed.com/rc/clk?jk=dc1c1d6f9af0bf14&fccid=014d722a83c54611&vjs=3,2021-06-24 00:00:00,https://DE.indeed.com/rc/clk?jk=dc1c1d6f9af0bf14&fccid=014d722a83c54611&vjs=3
Data Scientist (m(f/d),Herzogenaurach,Adidas,A data scientist is a specialist who applies its expertise in statistics and building machine learning models to make predictions and answer key business…,,https://DE.indeed.com/rc/clk?jk=e0087ab2274d33b5&fccid=8686937f641f561b&vjs=3,2021-06-24 00:00:00,https://DE.indeed.com/rc/clk?jk=e0087ab2274d33b5&fccid=8686937f641f561b&vjs=3
Data Scientist (gn),Düsseldorf,Handelsblatt GmbH,Objekte wie Handelsblatt und WirtschaftsWoche stehen beispielhaft für das hohe Niveau unserer Printtitel.Konzeption und Durchführung von Data-Science Projekten…,,https://DE.indeed.com/company/iq-digital-media-marketing-gmbh/jobs/Data-Scientist-f0b3723166d76a4e?fccid=dec3339460e9ac3b&vjs=3,2021-06-24 00:00:00,https://DE.indeed.com/company/iq-digital-media-marketing-gmbh/jobs/Data-Scientist-f0b3723166d76a4e?fccid=dec3339460e9ac3b&vjs=3
Developer / Data Scientist (m/f/d) for Investment Solutions...,Stuttgart,Allianz Investment Management SE,Support in all steps along the value chain of Investment Management Life/Health by implementing smart digital solutions and platforms for our businessDevelop…,,https://DE.indeed.com/rc/clk?jk=a3411cc271d57359&fccid=bf422d4af99309b2&vjs=3,2021-06-24 00:00:00,https://DE.indeed.com/rc/clk?jk=a3411cc271d57359&fccid=bf422d4af99309b2&vjs=3
Data Analyst / Data Scientist (m/w/d),Deutschland,PwC,Wir bieten dir als weltweit führende Wirtschaftsprüfungs- und Beratungsgesellschaft ein Maximum an Möglichkeiten für einen Karriereweg nach deinen Vorstellungen…,,https://DE.indeed.com/rc/clk?jk=69bb7444407369f7&fccid=5e964c4afc56b180&vjs=3,2021-06-24 00:00:00,https://DE.indeed.com/rc/clk?jk=69bb7444407369f7&fccid=5e964c4afc56b180&vjs=3
Data Scientist (gn),Düsseldorf,Handelsblatt GmbH,Objekte wie Handelsblatt und WirtschaftsWoche stehen beispielhaft für das hohe Niveau unserer Printtitel.Konzeption und Durchführung von Data-Science Projekten…,,https://DE.indeed.com/company/iq-digital-media-marketing-gmbh/jobs/Data-Scientist-34bb5395d0c68978?fccid=dec3339460e9ac3b&vjs=3,2021-06-25 00:00:00,https://DE.indeed.com/company/iq-digital-media-marketing-gmbh/jobs/Data-Scientist-34bb5395d0c68978?fccid=dec3339460e9ac3b&vjs=3
Safety Writing Scientist (Monheim),Monheim,UCB S.A.,"Develop strategies for data searches in support of document preparation.Ability to gather data from relevant sources using appropriate methods and logic, and…",,https://DE.indeed.com/rc/clk?jk=e9a5061dd0c2ee80&fccid=33684b64e937e3af&vjs=3,2021-06-25 00:00:00,https://DE.indeed.com/rc/clk?jk=e9a5061dd0c2ee80&fccid=33684b64e937e3af&vjs=3
DATA SCIENTIST (M/W/D),Berlin,REPLY,"Basierend auf deinen Kenntnissen in Statistik und Machine Learning arbeitest du an Algorithmen für eine Vielzahl von Geschäftsproblemen (z. B. Umsatzprognosen,…",,https://DE.indeed.com/rc/clk?jk=7a8fd6dc25c19d9c&fccid=963f2edbf71c4b4d&vjs=3,2021-06-25 00:00:00,https://DE.indeed.com/rc/clk?jk=7a8fd6dc25c19d9c&fccid=963f2edbf71c4b4d&vjs=3
Lead Data Scientist (f/m/d),Nürnberg,Siemens AG,In center is the acquisition and use of drive system data from the field as well as corresponding virtual data and data models from R&D and engineering.,,https://DE.indeed.com/rc/clk?jk=6c6063ed339d413e&fccid=3b89b9ec324f96c8&vjs=3,2021-06-26 00:00:00,https://DE.indeed.com/rc/clk?jk=6c6063ed339d413e&fccid=3b89b9ec324f96c8&vjs=3
Drug Safety Data Scientist (all genders),Darmstadt,Merck KGaA Darmstadt Germany,"You have good Pharmacovigilance knowledge and already gathered experience with retrieval, analysis, and visualization of complex data.",,https://DE.indeed.com/rc/clk?jk=7421f9b8ed7dd2ee&fccid=4edf263374ff05e2&vjs=3,2021-06-26 00:00:00,https://DE.indeed.com/rc/clk?jk=7421f9b8ed7dd2ee&fccid=4edf263374ff05e2&vjs=3
"Biophysical Assays and Screening Scientist - Data Analyst, a...",Martinsried,CRELUX GmbH,"Manage automation of data analysis derived from Biophysical Screening (MST, SPR, DSF/nanoDSF).Experienced in data analysis, state-of-the-art fitting methods…",,https://DE.indeed.com/rc/clk?jk=20c1238a65008b03&fccid=59cae4d2383957f4&vjs=3,2021-06-26 00:00:00,https://DE.indeed.com/rc/clk?jk=20c1238a65008b03&fccid=59cae4d2383957f4&vjs=3
Senior Data Scientist (m/w/d) im Chief Data Office,München,Allianz Versicherungs-AG,Eine strategische Kerninitiative unseres Unternehmens ist der Aufbau von Advanced Analytics.Die Einheit „Advanced Analytics Claims“ im Bereich „Chief Data…,,https://DE.indeed.com/rc/clk?jk=244cc157fb17721a&fccid=bf422d4af99309b2&vjs=3,2021-06-26 00:00:00,https://DE.indeed.com/rc/clk?jk=244cc157fb17721a&fccid=bf422d4af99309b2&vjs=3
Data Scientist (m/w/d),Münster,Informationsfabrik (IN-FAB) GmbH,Wir suchen erfahrene Data Scientists für spannende Herausforderungen rund um die Konzeption und Entwicklung komplexer AI Lösungen…,,https://DE.indeed.com/rc/clk?jk=97bbad49dcbfdba0&fccid=96e2fd783d643cc7&vjs=3,2021-06-26 00:00:00,https://DE.indeed.com/rc/clk?jk=97bbad49dcbfdba0&fccid=96e2fd783d643cc7&vjs=3
Data Scientist (m/f/d),München,Westwing Home & Living GmbH,You visualize data and analyses to create actionable decision-making guidance for business stakeholders.You have more than 2 years of working experience in…,,https://DE.indeed.com/rc/clk?jk=3b8dd939e48fc4e4&fccid=3c604cde8304333c&vjs=3,2021-06-26 00:00:00,https://DE.indeed.com/rc/clk?jk=3b8dd939e48fc4e4&fccid=3c604cde8304333c&vjs=3
Data Scientist (m/w/d) für Siemens Digital Logistics GmbH,Frankenthal,Siemens Digital Logistics GmbH,Wir bieten dir ein dynamisches mittelständisches Unternehmen gepaart mit der Sicherheit eines global agierenden Großkonzerns im Rücken.,,https://DE.indeed.com/rc/clk?jk=6664983e08d93a42&fccid=3b89b9ec324f96c8&vjs=3,2021-06-26 00:00:00,https://DE.indeed.com/rc/clk?jk=6664983e08d93a42&fccid=3b89b9ec324f96c8&vjs=3
Junior Data Scientist (m/w/d),Essen,team neusta,"Hierbei insbesondere Verantwortung für Anforderungsermittlung, Konzeption und Umsetzung der Data Science - Anteile der Softwarelösung.",,https://DE.indeed.com/rc/clk?jk=cdd5ef55c17e7dd4&fccid=4cc4ec87eee4f36e&vjs=3,2021-06-26 00:00:00,https://DE.indeed.com/rc/clk?jk=cdd5ef55c17e7dd4&fccid=4cc4ec87eee4f36e&vjs=3
Data Scientist (m/f/d),Hamburg,Olympus Europa SE & Co. KG (OEKG),"Furthermore, you ensure that data science solutions provide promised benefits and that trade-offs and constraints are communicated and well understood.",,https://DE.indeed.com/rc/clk?jk=19536532d8c46156&fccid=a8429e864326a813&vjs=3,2021-06-26 00:00:00,https://DE.indeed.com/rc/clk?jk=19536532d8c46156&fccid=a8429e864326a813&vjs=3
Data Scientist,Berlin,Immerlearn,"As a data scientist at ImmerLearn, you work hand-in-hand with client-facing consultants to build technical solutions.",,https://DE.indeed.com/rc/clk?jk=660016738018cb0e&fccid=7978bd68063b1a7c&vjs=3,2021-06-26 00:00:00,https://DE.indeed.com/rc/clk?jk=660016738018cb0e&fccid=7978bd68063b1a7c&vjs=3
Data Scientist (gn),Düsseldorf,Handelsblatt GmbH,Objekte wie Handelsblatt und WirtschaftsWoche stehen beispielhaft für das hohe Niveau unserer Printtitel.Konzeption und Durchführung von Data-Science Projekten…,,https://DE.indeed.com/company/iq-digital-media-marketing-gmbh/jobs/Data-Scientist-c29fe0a8f3fa0e19?fccid=dec3339460e9ac3b&vjs=3,2021-06-27 00:00:00,https://DE.indeed.com/company/iq-digital-media-marketing-gmbh/jobs/Data-Scientist-c29fe0a8f3fa0e19?fccid=dec3339460e9ac3b&vjs=3
(Junior) Customer Data Scientist (m/w/d),Berlin,msg systems,(Junior) Customer Data Scientist (m/w/d).Damit sind wir der Nächster-Schritt-Möglich-Macher für Ihre Transformation.,,https://DE.indeed.com/rc/clk?jk=8728f745e9c75725&fccid=6a884e5b3ad042b0&vjs=3,2021-06-27 00:00:00,https://DE.indeed.com/rc/clk?jk=8728f745e9c75725&fccid=6a884e5b3ad042b0&vjs=3
Financial Data Scientist (m/f/d),München,Serafin Unternehmensgruppe GmbH,You design and implement investment strategies and perform historical simulation using traditional financial data and alternative data sources.,,https://DE.indeed.com/rc/clk?jk=9cc0f05f2215c18f&fccid=3d6504103e9f43e5&vjs=3,2021-06-27 00:00:00,https://DE.indeed.com/rc/clk?jk=9cc0f05f2215c18f&fccid=3d6504103e9f43e5&vjs=3
DATA SCIENTIST (M/W/D),Bocholt,ROSE Bikes GmbH,Für die Realisierung und Weiterentwicklung unserer internationalen E-Commerce- & Customer-Experience-Strategien suchen wir Dich.,,https://DE.indeed.com/rc/clk?jk=dcb8bec18cbf667a&fccid=793d0b974bb3da6c&vjs=3,2021-06-27 00:00:00,https://DE.indeed.com/rc/clk?jk=dcb8bec18cbf667a&fccid=793d0b974bb3da6c&vjs=3
Data Scientist,Berlin,Mapp Digital,"Be responsible for the continuous optimization of data input and model output.To further our growth, we’re looking for a Data Scientist who will be responsible…",,https://DE.indeed.com/rc/clk?jk=dea9846d198c56c7&fccid=da65ece227a9015a&vjs=3,2021-06-27 00:00:00,https://DE.indeed.com/rc/clk?jk=dea9846d198c56c7&fccid=da65ece227a9015a&vjs=3
Data Scientist (f/m/d),Berlin,plista GmbH,Anforderung 6 Anforderung 6 Anforderung 6 Anforderung 6 Anforderung 6.Schnelle Entscheidungswege und eine offene Unternehmenskultur.,,https://DE.indeed.com/rc/clk?jk=e2bf3b242924e964&fccid=6a5d64ec208a8e5c&vjs=3,2021-06-27 00:00:00,https://DE.indeed.com/rc/clk?jk=e2bf3b242924e964&fccid=6a5d64ec208a8e5c&vjs=3
Data Scientist (m/f/d),München,TSCNET Services,Description Location Location: Street: City: Country: TSCNET Services GmbH Dingolfinger Straße 3 81673 München Germany Contact Name: Location:…,,https://DE.indeed.com/rc/clk?jk=6ab3313ee8683950&fccid=566a75043040742a&vjs=3,2021-06-27 00:00:00,https://DE.indeed.com/rc/clk?jk=6ab3313ee8683950&fccid=566a75043040742a&vjs=3
DATA SCIENTIST,Berlin,TD Reply GmbH,Crunching and describing data sets and important consumer/customer insights on structured and unstructured data.,,https://DE.indeed.com/rc/clk?jk=f40f91a5784ddc30&fccid=6c5529359816f13e&vjs=3,2021-06-27 00:00:00,https://DE.indeed.com/rc/clk?jk=f40f91a5784ddc30&fccid=6c5529359816f13e&vjs=3
JA17 Data Scientist (m/w/d),Karlsruhe,Fiducia & GAD IT AG,Wir leben Collaboration in Anlehnung an das Spotify-Modell und suchen dich für unser Geschäftsfeld Digital Solutions im Tribe Advanced Intelligence.,,https://DE.indeed.com/rc/clk?jk=992b09f19d72f8d1&fccid=e93e9851d9918c9f&vjs=3,2021-06-27 00:00:00,https://DE.indeed.com/rc/clk?jk=992b09f19d72f8d1&fccid=e93e9851d9918c9f&vjs=3
DATA SCIENTIST (m/w/d),Berlin,sprylab technologies,Wir entwickeln für unsere Kunden auf Basis von zukunftsweisenden Technologien im Bereich Blockchain und Artificial Intelligence innovative Lösungen.,,https://DE.indeed.com/rc/clk?jk=fc44dc3de725c997&fccid=dff2205af5481027&vjs=3,2021-06-27 00:00:00,https://DE.indeed.com/rc/clk?jk=fc44dc3de725c997&fccid=dff2205af5481027&vjs=3
Data Scientist (gn),Düsseldorf,Handelsblatt GmbH,Objekte wie Handelsblatt und WirtschaftsWoche stehen beispielhaft für das hohe Niveau unserer Printtitel.Konzeption und Durchführung von Data-Science Projekten…,,https://DE.indeed.com/company/iq-digital-media-marketing-gmbh/jobs/Data-Scientist-e7a931e285002d1e?fccid=dec3339460e9ac3b&vjs=3,2021-06-27 00:00:00,https://DE.indeed.com/company/iq-digital-media-marketing-gmbh/jobs/Data-Scientist-e7a931e285002d1e?fccid=dec3339460e9ac3b&vjs=3
Junior Data Scientist (m/w),Berlin,EISIG Health GmbH,Du übernimmst bei Kundenprojekten den Bereich der Datenaufbereitung und die Erstellung eines (relationalen) Data Warehouses.,,https://DE.indeed.com/rc/clk?jk=dafe0b40e5c73336&fccid=966a0db370f01689&vjs=3,2021-06-27 00:00:00,https://DE.indeed.com/rc/clk?jk=dafe0b40e5c73336&fccid=966a0db370f01689&vjs=3
Scientist*/ Data Analyst*/ Scientific Writer* Cancer Vaccine...,Mainz,BioNTech AG,"Supporting the team in scientific data analyses, data processing and interpretation, as well as being responsible for literature and database searches.",,https://DE.indeed.com/rc/clk?jk=e0d7c1ee7ba7c767&fccid=ffe24273b1bd1839&vjs=3,2021-06-27 00:00:00,https://DE.indeed.com/rc/clk?jk=e0d7c1ee7ba7c767&fccid=ffe24273b1bd1839&vjs=3
Data Scientist (m/f/d),Ludwigshafen am Rhein,BASF,"You will cover the entire data-science model lifecycle from data analysis, model development and training, and deployment to the cloud.",,https://DE.indeed.com/rc/clk?jk=58f174eab0a6f509&fccid=38313780e9822361&vjs=3,2021-06-27 00:00:00,https://DE.indeed.com/rc/clk?jk=58f174eab0a6f509&fccid=38313780e9822361&vjs=3
Data Scientist - Engagement (m/f/d),Berlin,Trade Republic Bank GmbH,Strong command of python and any modern data science stack.Perform ad-hoc analyses to answer business questions or generate data sets.,,https://DE.indeed.com/rc/clk?jk=c45fba64f9aba813&fccid=3d703964244857b3&vjs=3,2021-06-27 00:00:00,https://DE.indeed.com/rc/clk?jk=c45fba64f9aba813&fccid=3d703964244857b3&vjs=3
Praktikant Visiting Data Scientist (m/w/d),München,ProSiebenSat.1 Digital Data GmbH,"Als Visiting Data Scientist lernst du die Kernfähigkeiten, die du für eine erfolgreiche Karriere als Data Scientist bzw.",,https://DE.indeed.com/rc/clk?jk=1d34cb759fd3ea2a&fccid=4037a14e9f1be835&vjs=3,2021-06-27 00:00:00,https://DE.indeed.com/rc/clk?jk=1d34cb759fd3ea2a&fccid=4037a14e9f1be835&vjs=3
Capgemini Invent: Data Scientist (m/w/d) Insight Driven Ente...,München,Capgemini,"Sie hilft CxOs dabei, die Zukunft ihrer Unternehmen zu planen und zu gestalten.Das Team vereint Strategie, Technologie, Data Science und kreatives Design mit…",,https://DE.indeed.com/rc/clk?jk=630438ba5344067c&fccid=105ecfd0283f415f&vjs=3,2021-06-28 00:00:00,https://DE.indeed.com/rc/clk?jk=630438ba5344067c&fccid=105ecfd0283f415f&vjs=3
Intern Data Scientist (m/f/d),Mannheim,Chemovator GmbH,"You have gained at least 1 year of experience in data analytics, data preprocessing, machine learning, artificial intelligence or related topics in an industry…",,https://DE.indeed.com/rc/clk?jk=be6d7c3536394fce&fccid=a1c51607a712d9c5&vjs=3,2021-06-28 00:00:00,https://DE.indeed.com/rc/clk?jk=be6d7c3536394fce&fccid=a1c51607a712d9c5&vjs=3
(Junior) Data Scientist,Neu Isenburg,ADEAL Systems GmbH,Wir möchten Schritt für Schritt unser kleines schlagkräftiges Team vergrößern und mit Dir zusammen innovative Ansätze und Lösungen im Bereich von Data und…,,https://DE.indeed.com/rc/clk?jk=e2aab1de220c416d&fccid=f7ae2db0adb9ff0f&vjs=3,2021-06-28 00:00:00,https://DE.indeed.com/rc/clk?jk=e2aab1de220c416d&fccid=f7ae2db0adb9ff0f&vjs=3
Data Scientist (m/f/d),Berlin,Bayer,"Beratung von Businessfunktionen zur Identifikation von Use Cases zur Digitalisierung, um Businessanforderungen zu erfüllen.",,https://DE.indeed.com/rc/clk?jk=9380b5a5ebb8cc37&fccid=e08122e0e993cc32&vjs=3,2021-06-28 00:00:00,https://DE.indeed.com/rc/clk?jk=9380b5a5ebb8cc37&fccid=e08122e0e993cc32&vjs=3
Data Scientist (gn),Düsseldorf,Handelsblatt GmbH,Objekte wie Handelsblatt und WirtschaftsWoche stehen beispielhaft für das hohe Niveau unserer Printtitel.Konzeption und Durchführung von Data-Science Projekten…,,https://DE.indeed.com/company/iq-digital-media-marketing-gmbh/jobs/Data-Scientist-bf91583c97d2e9c1?fccid=dec3339460e9ac3b&vjs=3,2021-06-28 00:00:00,https://DE.indeed.com/company/iq-digital-media-marketing-gmbh/jobs/Data-Scientist-bf91583c97d2e9c1?fccid=dec3339460e9ac3b&vjs=3
Junior Data Scientist – Demand Planning & Forecasting (m/w/d...,Berlin,mymuesli GmbH,"In einer spannenden, datengetriebenen Data-Science-Rolle zwischen Marketing/Sales und Supply Chain warten herausfordernde Aufgaben auf Dich:",,https://DE.indeed.com/rc/clk?jk=d3fca36f5b62b8db&fccid=00aaf5d7d2efee8d&vjs=3,2021-06-28 00:00:00,https://DE.indeed.com/rc/clk?jk=d3fca36f5b62b8db&fccid=00aaf5d7d2efee8d&vjs=3
DM.143.21b Scientist/PostDoc,Berlin,Charité,Deliver clear written and oral presentations of data.Ability to analyze and interpret data / sound understanding of statistics.,,https://DE.indeed.com/rc/clk?jk=40335dae84a8af9c&fccid=c99793fcb16a988d&vjs=3,2021-06-28 00:00:00,https://DE.indeed.com/rc/clk?jk=40335dae84a8af9c&fccid=c99793fcb16a988d&vjs=3
Data Scientist (f/m/d),Hamburg,Beiersdorf Shared Services,Experience in handling structured and unstructured data sets.Collaborate with our Data Engineers on the implementation of data pipelines.,,https://DE.indeed.com/rc/clk?jk=b5c202fc3d4029d9&fccid=1d832ca4dac4ea62&vjs=3,2021-06-28 00:00:00,https://DE.indeed.com/rc/clk?jk=b5c202fc3d4029d9&fccid=1d832ca4dac4ea62&vjs=3
Data Analyst / Scientist (m/f/d),Berlin,plista,"You strategically work on how can data turn into products.You have expert knowledge of analytics and data science domains, including statistics, data analysis,…",,https://DE.indeed.com/rc/clk?jk=489e99d2fd9166a5&fccid=d9681c7ce214f126&vjs=3,2021-06-28 00:00:00,https://DE.indeed.com/rc/clk?jk=489e99d2fd9166a5&fccid=d9681c7ce214f126&vjs=3
Quantum Computing Scientist - Machine Learning (m/f/d),Ludwigshafen am Rhein,BASF,We as Global Digital Services enable BASF's digitalization.Our unit supports BASF's divisions in answering logistical challenges and issues with digitalization…,,https://DE.indeed.com/rc/clk?jk=5d76f3412fa710a0&fccid=38313780e9822361&vjs=3,2021-06-28 00:00:00,https://DE.indeed.com/rc/clk?jk=5d76f3412fa710a0&fccid=38313780e9822361&vjs=3
Scientist - Ultrafast Microphotonics,Hamburg,Deutsches Elektronen-Synchrotron DESY,"In the EU funded and DESY coordinated FET-OPEN project FEMTOCHIP, we will jointly with international scientist develop the world's first ultralow noise, high…",,https://DE.indeed.com/rc/clk?jk=5a5db980a29dac99&fccid=bf5be343f5203811&vjs=3,2021-06-28 00:00:00,https://DE.indeed.com/rc/clk?jk=5a5db980a29dac99&fccid=bf5be343f5203811&vjs=3
Mass Spectrometry Data Scientist,München,Genedata,"Work and partner with our customers to understand and solve their Mass Spectrometry data challenges.We are looking for someone who is curious and inquisitive,…",,https://DE.indeed.com/company/GeneData/jobs/Mass-Spectrometry-Data-Scientist-0ac3e5927a5d9c26?fccid=3e025c65dcbeb264&vjs=3,2021-06-28 00:00:00,https://DE.indeed.com/company/GeneData/jobs/Mass-Spectrometry-Data-Scientist-0ac3e5927a5d9c26?fccid=3e025c65dcbeb264&vjs=3
Scientist* Cancer Vaccines,Mainz,BioNTech AG,"Present and discuss data within a team of experts, associated subject matter experts or scientific conferences.",,https://DE.indeed.com/rc/clk?jk=62143cfb145936b0&fccid=ffe24273b1bd1839&vjs=3,2021-06-28 00:00:00,https://DE.indeed.com/rc/clk?jk=62143cfb145936b0&fccid=ffe24273b1bd1839&vjs=3
DATA SCIENTIST,Berlin,Dynamic Search Solutions,"Be responsible for the continuous optimization of data input and model output.The Data Scientist will be responsible for the design, implementation and…",45.000 € - 55.000 € pro Jahr,https://DE.indeed.com/rc/clk?jk=f073b8ea8d901732&fccid=89ad2b3ff2ad1d02&vjs=3,2021-06-28 00:00:00,https://DE.indeed.com/rc/clk?jk=f073b8ea8d901732&fccid=89ad2b3ff2ad1d02&vjs=3
Lead Data Scientist,Hamburg,Flint Data,"Hamburgs. Darüber hinaus bietet dir das Unternehmen eine attraktive Vergütung, sowie Karriere und Persönliche Entwicklungsmöglichkeiten.",95.000 € - 110.000 € pro Jahr,https://DE.indeed.com/rc/clk?jk=abe83760ab1df073&fccid=ee31ca7b2412bd83&vjs=3,2021-06-28 00:00:00,https://DE.indeed.com/rc/clk?jk=abe83760ab1df073&fccid=ee31ca7b2412bd83&vjs=3
Google Data Scientist (w/m/d),Frankfurt am Main,TMS Trademarketing Service GmbH,"Zur Erweiterung unseres Teams suchen wir einen Google Data Scientist (m/w/d) in Festanstellung.Wir bieten dir einen unbefristeten Arbeitsvertrag, attraktive…",,https://DE.indeed.com/company/TMS-Trademarketing-Service-GmbH/jobs/Google-Data-Scientist-def251e700d2fcd7?fccid=3d4a7e4a24c16144&vjs=3,2021-06-29 00:00:00,https://DE.indeed.com/company/TMS-Trademarketing-Service-GmbH/jobs/Google-Data-Scientist-def251e700d2fcd7?fccid=3d4a7e4a24c16144&vjs=3
Data Scientist – Computer Vision (m/f/div),Berlin,caresyntax,Discuss with partners and data providers to visualize and communicate your findings and how they can contribute to our products.,,https://DE.indeed.com/rc/clk?jk=fa3ffd7f7aa0c798&fccid=6537791622ea2d89&vjs=3,2021-06-29 00:00:00,https://DE.indeed.com/rc/clk?jk=fa3ffd7f7aa0c798&fccid=6537791622ea2d89&vjs=3
Data Scientist (m/f/d),Wolfratshausen,EagleBurgmann,Are responsible for the development of sensor data pipelines.Use correlations and statistical inference to interpret aggregated data.,,https://DE.indeed.com/rc/clk?jk=c1a6a46b247403d2&fccid=a0563012c42115b5&vjs=3,2021-06-29 00:00:00,https://DE.indeed.com/rc/clk?jk=c1a6a46b247403d2&fccid=a0563012c42115b5&vjs=3
Data Scientist (m/w/d),Essen,BITMARCK Holding,Als Datenbasis stehen Daten von Krankenkassen und Leistungserbringern von gut 18 Millionen Versicherten zur Verfügung.,,https://DE.indeed.com/rc/clk?jk=73c0dc33cae0d719&fccid=353f610a3babd1a6&vjs=3,2021-06-29 00:00:00,https://DE.indeed.com/rc/clk?jk=73c0dc33cae0d719&fccid=353f610a3babd1a6&vjs=3
Data Scientist,Frankfurt am Main,Starmind,"As a data scientist at Starmind, you work on the components that make Starmind's technology truly unique.You will take ownership of the components and data…",,https://DE.indeed.com/rc/clk?jk=d7944fc1bfc658a8&fccid=ce54ba2457106971&vjs=3,2021-06-29 00:00:00,https://DE.indeed.com/rc/clk?jk=d7944fc1bfc658a8&fccid=ce54ba2457106971&vjs=3
Data Scientist - Technologies & Platforms (m/f/d),Heidelberg,Bilfinger,Support our consultants with you knowledge of data science methods and drive new innovative solutions in customer projects.,,https://DE.indeed.com/rc/clk?jk=fa0e50fbc850617f&fccid=8c8cde3ad74ea066&vjs=3,2021-06-29 00:00:00,https://DE.indeed.com/rc/clk?jk=fa0e50fbc850617f&fccid=8c8cde3ad74ea066&vjs=3
Data Analysis - und Machine Learning Solutions Engineer/Scie...,Perl,FIXEMER Logistics GmbH,Data Analysis - und Machine Learning Solutions Engineer/Scientist (m/w/d…,,https://DE.indeed.com/rc/clk?jk=ec3f453d2e547a86&fccid=432301807d425c5a&vjs=3,2021-06-29 00:00:00,https://DE.indeed.com/rc/clk?jk=ec3f453d2e547a86&fccid=432301807d425c5a&vjs=3
VIE Production Data Scientist,Ladenburg,Saint-Gobain,Discussion with process experts and data scientist at various corporate research centers in Germany and France.,,https://DE.indeed.com/rc/clk?jk=901ec5cc35457016&fccid=d7c7bd31a502f022&vjs=3,2021-06-29 00:00:00,https://DE.indeed.com/rc/clk?jk=901ec5cc35457016&fccid=d7c7bd31a502f022&vjs=3
Data Scientist (gn),Düsseldorf,Handelsblatt GmbH,Objekte wie Handelsblatt und WirtschaftsWoche stehen beispielhaft für das hohe Niveau unserer Printtitel.Konzeption und Durchführung von Data-Science Projekten…,,https://DE.indeed.com/company/iq-digital-media-marketing-gmbh/jobs/Data-Scientist-e033a45e4f5d5391?fccid=dec3339460e9ac3b&vjs=3,2021-06-29 00:00:00,https://DE.indeed.com/company/iq-digital-media-marketing-gmbh/jobs/Data-Scientist-e033a45e4f5d5391?fccid=dec3339460e9ac3b&vjs=3
Scientist I (m/f/d),Fallingbostel,Mondelēz International,"Applying fundamental technical understanding to interpret and analyze data to reach clear conclusions.Working as part of a cross functional team, you deliver…",,https://DE.indeed.com/rc/clk?jk=049093931f68e763&fccid=0ba2244fbaa16b6c&vjs=3,2021-06-30 00:00:00,https://DE.indeed.com/rc/clk?jk=049093931f68e763&fccid=0ba2244fbaa16b6c&vjs=3
Research Scientist New Technologies & AI,München,Munich RE,You would join an experienced business unit structuring new risk-transfer solutions in the area of new technologies and data-driven business models.,,https://DE.indeed.com/rc/clk?jk=3705f978faf87154&fccid=d4448c192a012f32&vjs=3,2021-06-30 00:00:00,https://DE.indeed.com/rc/clk?jk=3705f978faf87154&fccid=d4448c192a012f32&vjs=3
Material Scientist,France,Johnson & Johnson Family of Companies,"The Material Sciences department of Pharmaceutical Product Development & Supply drives the selection, qualification and optimization of excipients.",,https://DE.indeed.com/rc/clk?jk=5320dfbf4e01f3d6&fccid=0bed8e17bc113980&vjs=3,2021-06-30 00:00:00,https://DE.indeed.com/rc/clk?jk=5320dfbf4e01f3d6&fccid=0bed8e17bc113980&vjs=3
Junior Data Scientist (w/m/d),Bingen am Rhein,SWK Bank,"Trainings, Messen & Seminare - individuell auf Dich abgestimmt.Hab Spaß mit uns bei Grillfesten, Firmenläufen oder Betriebsausflügen.",,https://DE.indeed.com/rc/clk?jk=a8c77123a5244b6a&fccid=b64aa1a5f2fae036&vjs=3,2021-06-30 00:00:00,https://DE.indeed.com/rc/clk?jk=a8c77123a5244b6a&fccid=b64aa1a5f2fae036&vjs=3
Senior Data Scientist - Network Analysis (m/f/d),Berlin,FlixMobility,"You will be part of a cross-functional, product-focused, autonomous and diverse data science product team providing causal modelling and forecasting products to…",,https://DE.indeed.com/rc/clk?jk=9d3dfbc8ec65df32&fccid=a1029eeac9e4c3e5&vjs=3,2021-06-30 00:00:00,https://DE.indeed.com/rc/clk?jk=9d3dfbc8ec65df32&fccid=a1029eeac9e4c3e5&vjs=3
Data Scientist (m/w/d),Passau,ZF,Wir verstärken unser Team im Bereich Data Analytics am Standort Passau.Entwicklung von Produkten und Services in standortübergreifenden Data Analytics…,,https://DE.indeed.com/rc/clk?jk=8e200172fe6d0531&fccid=837bf790761c391a&vjs=3,2021-06-30 00:00:00,https://DE.indeed.com/rc/clk?jk=8e200172fe6d0531&fccid=837bf790761c391a&vjs=3
Junior-Aktuar / Junior Actuarial Data Scientist (m/w/d) im A...,Köln,AXA,Du unterstützt die stetige Weiterentwicklung der Pricing-Pipeline und des aktuariellen Portfoliomanagements.Du arbeitest in der Produktentwicklung für das neue…,,https://DE.indeed.com/rc/clk?jk=8848d22f6675735c&fccid=753062d67d31c43a&vjs=3,2021-06-30 00:00:00,https://DE.indeed.com/rc/clk?jk=8848d22f6675735c&fccid=753062d67d31c43a&vjs=3
Data Scientist (f/m/d),Hamburg,Warner Bros. Entertainment Group,Develops data clusters for programmatic audience marketing & responsible for data segmentation.Experienced in DMP data segmentation.,,https://DE.indeed.com/rc/clk?jk=61d49a34210f1ddd&fccid=30cc7a5451d4ee77&vjs=3,2021-06-30 00:00:00,https://DE.indeed.com/rc/clk?jk=61d49a34210f1ddd&fccid=30cc7a5451d4ee77&vjs=3
Internship in Machine Learning within Engineering,Hamburg,Airbus,"We have a lot of qualitative data and we have teamed up with http://grapes-network.eu/ , one of the most prominent computer scientist networks in Europe on…",,https://DE.indeed.com/rc/clk?jk=a5d32584ea5c252b&fccid=2d0740e02e80cf22&vjs=3,2021-06-30 00:00:00,https://DE.indeed.com/rc/clk?jk=a5d32584ea5c252b&fccid=2d0740e02e80cf22&vjs=3
Data Scientist (m/w/d),Heidelberg,Universitätsklinikum Heidelberg,Als Data Scientist unterstützten Sie uns bei der Analyse medizinischer und molekularer Daten.In unserem Projekt entwickeln wir auf Basis aktueller KI und…,,https://DE.indeed.com/rc/clk?jk=fea3dfe9592a341c&fccid=6531512dc98d2290&vjs=3,2021-06-30 00:00:00,https://DE.indeed.com/rc/clk?jk=fea3dfe9592a341c&fccid=6531512dc98d2290&vjs=3
Data Scientist (w/m/div)*,Warstein,Infineon Technologies,Wir bauen das Kompetenzfeld Big Data and Machine Learning neu auf und brauchen kluge Köpfe mit innovativen Ideen.,,https://DE.indeed.com/rc/clk?jk=df8ce86e3703e81d&fccid=d29c5f56235af7ca&vjs=3,2021-07-01 00:00:00,https://DE.indeed.com/rc/clk?jk=df8ce86e3703e81d&fccid=d29c5f56235af7ca&vjs=3
Data Scientist für Mobilitätsdaten und vernetzte Fahrzeuge (...,Coburg,HUK-COBURG Versicherungsgruppe,Mitarbeit im Data Analytics Team des Aktuariats für Schaden- und Unfallversicherung am Standort Coburg.Erschließung neuer Data Analytics Use-Cases basierend…,,https://DE.indeed.com/rc/clk?jk=f36dd6b9578cd4d2&fccid=969b3630b7274485&vjs=3,2021-07-01 00:00:00,https://DE.indeed.com/rc/clk?jk=f36dd6b9578cd4d2&fccid=969b3630b7274485&vjs=3
Financial Engineer / Data Scientist (m/w/d),Stuttgart,Allianz Investment Management SE,Sie arbeiten im Investment Management Team des Marktführers Lebensversicherung in Deutschland.Entwicklung neuer Modelle und verbesserter Analysemethoden mit…,,https://DE.indeed.com/rc/clk?jk=c06eb465502bcdd7&fccid=bf422d4af99309b2&vjs=3,2021-07-01 00:00:00,https://DE.indeed.com/rc/clk?jk=c06eb465502bcdd7&fccid=bf422d4af99309b2&vjs=3
Data Scientist (m/w/d) Aktives Kunden- und Betriebsmanagamen...,Bonn,Deutsche Post DHL Group,"Erarbeitung und Umsetzung von IT-Architekturkonzepten (allgemeine Datenhaltung, Systemschnittstellen zu Umsystemen, Performance Optimierungen etc.).",,https://DE.indeed.com/rc/clk?jk=e47db1036fb27413&fccid=8ebac56eed27423d&vjs=3,2021-07-01 00:00:00,https://DE.indeed.com/rc/clk?jk=e47db1036fb27413&fccid=8ebac56eed27423d&vjs=3
Data Scientist (f/m/x),Düsseldorf,IBM,"Are familiar with Data Engineering techniques (gather, prepare, cleanse, and transform client data for analysis and AI automation, including automating data…",,https://DE.indeed.com/rc/clk?jk=33a2ff8633415ec4&fccid=de71a49b535e21cb&vjs=3,2021-07-01 00:00:00,https://DE.indeed.com/rc/clk?jk=33a2ff8633415ec4&fccid=de71a49b535e21cb&vjs=3
Data Analyst / Data Scientist (m/w/d),Zeulenroda,Bauerfeind AG,"Nutzung von Data-Mining-, statistischen Modellierungs- und Machine-Learning-Ansätzen.Erstellung von Entscheidungsvorlagen und Präsentation von…",,https://DE.indeed.com/rc/clk?jk=e92c5ec982ca670d&fccid=1ffb1778384932fa&vjs=3,2021-07-01 00:00:00,https://DE.indeed.com/rc/clk?jk=e92c5ec982ca670d&fccid=1ffb1778384932fa&vjs=3
Data Scientist (m/f/x),München,ZEISS Group,"At least 3+ years of professional experience in a data modeling, algorithm development or data science role.Experience with development of data solutions in a…",,https://DE.indeed.com/rc/clk?jk=96dd57c4e1a3f828&fccid=47148e4eb4f2966b&vjs=3,2021-07-01 00:00:00,https://DE.indeed.com/rc/clk?jk=96dd57c4e1a3f828&fccid=47148e4eb4f2966b&vjs=3
Trainee Data Scientist (m/w/divers),Frankfurt am Main,Commerzbank AG,"Wir nutzen große Mengen an strukturierten und unstrukturierten Daten, um Mehrwert für unsere Kunden zu schaffen und Prozesse zu optimieren.",56.000 € pro Jahr,https://DE.indeed.com/rc/clk?jk=4cc22f3004d8e7b8&fccid=2c7cb6ddfa1c4169&vjs=3,2021-07-01 00:00:00,https://DE.indeed.com/rc/clk?jk=4cc22f3004d8e7b8&fccid=2c7cb6ddfa1c4169&vjs=3
Data Scientist (f/m/d) for International Sales of Electrical...,Nürnberg,Siemens AG,"Development of prototypes for data analysis and visualization.In Addition, you conduct feasibility studies and pilot projects in data modeling and data…",,https://DE.indeed.com/rc/clk?jk=a381606b17e37081&fccid=3b89b9ec324f96c8&vjs=3,2021-07-01 00:00:00,https://DE.indeed.com/rc/clk?jk=a381606b17e37081&fccid=3b89b9ec324f96c8&vjs=3
Data Scientist (d/m/w),Köln,DEVK Versicherungen,"Unterstützung der Fachbereiche bei der Definition von Use Cases und dem Aufbau eigener Modelle.Aufbereitung, Interpretation und Kommunikation von Ergebnissen…",,https://DE.indeed.com/rc/clk?jk=409a47c8b3e58cc7&fccid=8116bba64093011f&vjs=3,2021-07-01 00:00:00,https://DE.indeed.com/rc/clk?jk=409a47c8b3e58cc7&fccid=8116bba64093011f&vjs=3
Data Scientist (f/m/d),Dülmen,Yara,Contribute to implementing effective data visualisation techniques for the team.Partner with other data scientists within Yara Farming Solutions to co-develop…,,https://DE.indeed.com/rc/clk?jk=a06cc120049800de&fccid=170dafc5aba5f055&vjs=3,2021-07-01 00:00:00,https://DE.indeed.com/rc/clk?jk=a06cc120049800de&fccid=170dafc5aba5f055&vjs=3
Data Scientist (m/w/d),Itzehoe,Custom Cells Itzehoe GmbH,Erstellen von Statistiken und Reports für interne und externe Zwecke.Durchführung von individuellen Auswertungen und Analysen.,,https://DE.indeed.com/rc/clk?jk=afcd0713906dd98c&fccid=c16ce42240787e5a&vjs=3,2021-07-01 00:00:00,https://DE.indeed.com/rc/clk?jk=afcd0713906dd98c&fccid=c16ce42240787e5a&vjs=3
Data Scientist*,Lingen,E.M.P. Merchandising Handelsgesellschaft mbH,You will work with large and complex structured and unstructured data sets for pattern recognition and data interpretation.,,https://DE.indeed.com/rc/clk?jk=e67ae282a2d125d8&fccid=b7611c6d12b565ae&vjs=3,2021-07-01 00:00:00,https://DE.indeed.com/rc/clk?jk=e67ae282a2d125d8&fccid=b7611c6d12b565ae&vjs=3
IT – Data Scientist (m/w/d),Bayern,Klüber Lubrication,Design und Implementierung von Digitalisierungslösungen zur Unterstützung von Vertrieb und Technik.Analyse und Aufbereitung von Sensordaten zur Ermittlung von…,,https://DE.indeed.com/rc/clk?jk=6cc5c42dd49007aa&fccid=a0563012c42115b5&vjs=3,2021-07-01 00:00:00,https://DE.indeed.com/rc/clk?jk=6cc5c42dd49007aa&fccid=a0563012c42115b5&vjs=3
Data Scientist - Climate Analytics,Berlin,Boston Consulting Group,"Big data & advanced analytics, Sustainability, Technology & digital.Have significant experience applying advanced analytics to a variety of business situations…",,https://DE.indeed.com/rc/clk?jk=4d126752b37d45e9&fccid=b95f9eb47968fa13&vjs=3,2021-07-01 00:00:00,https://DE.indeed.com/rc/clk?jk=4d126752b37d45e9&fccid=b95f9eb47968fa13&vjs=3
Learning Scientist,Berlin,Duolingo,"Collaborate cross-functionally to develop language learning app features that are fun, fast-paced, and emphasize ""learning by doing"".",,https://DE.indeed.com/rc/clk?jk=66b4457f4e3c2d9c&fccid=1d7146bd38091a7a&vjs=3,2021-07-01 00:00:00,https://DE.indeed.com/rc/clk?jk=66b4457f4e3c2d9c&fccid=1d7146bd38091a7a&vjs=3
(All Levels) Data Scientist - Growth (m/f/d),Berlin,Trade Republic Bank GmbH,(Bonus) Familiarity with data transformation tools (e.g. DBT).At least 4 years of data science experience (preferably in marketing or/and product).,,https://DE.indeed.com/rc/clk?jk=35b180287f015d50&fccid=3d703964244857b3&vjs=3,2021-07-01 00:00:00,https://DE.indeed.com/rc/clk?jk=35b180287f015d50&fccid=3d703964244857b3&vjs=3
Data Scientist (m/f/d) - remote option GER,Berlin-Friedrichshain,BASF,"You will select and evaluate data (Check data regarding completeness, correctness, relevance) together with Manager´s.",,https://DE.indeed.com/rc/clk?jk=e7aef5dcf36633de&fccid=38313780e9822361&vjs=3,2021-07-01 00:00:00,https://DE.indeed.com/rc/clk?jk=e7aef5dcf36633de&fccid=38313780e9822361&vjs=3
Data Scientist ‏ (d/f/m),Düsseldorf,Henkel,"Experience in data preparation, data modeling, analysis, and visualization.Use data scientific tools to find solutions for challenges in the realm of both big…",,https://DE.indeed.com/rc/clk?jk=10689081891a69f3&fccid=79b1953a75a5cc1a&vjs=3,2021-07-01 00:00:00,https://DE.indeed.com/rc/clk?jk=10689081891a69f3&fccid=79b1953a75a5cc1a&vjs=3
Data Scientist (m/w/div),Essen,Evonik Digital GmbH,"Consulting, initiating and execution of data analysis, data science and machine learning projects.Providing industry best practices and standardization of data…",,https://DE.indeed.com/rc/clk?jk=f71416771a0ee07e&fccid=b9d8ab1041976ac7&vjs=3,2021-07-01 00:00:00,https://DE.indeed.com/rc/clk?jk=f71416771a0ee07e&fccid=b9d8ab1041976ac7&vjs=3
Data Scientist,Deutschland,Scaleapi,3+ years of industry experience in product data science broadly.Influence product teams through the presentation of data-based recommendations.,,https://DE.indeed.com/rc/clk?jk=f56f1cd6396f294e&fccid=55ebd28e88790c63&vjs=3,2021-07-01 00:00:00,https://DE.indeed.com/rc/clk?jk=f56f1cd6396f294e&fccid=55ebd28e88790c63&vjs=3
(Junior) Data Scientist (m/w/d),Hamburg,EOS Deutscher Inkasso-Dienst,"EOS, ein Unternehmen der Otto Group, ist das gemeinsame Dach von über 50 Unternehmen aus dem Bereich der Finanzdienstleistungen.",,https://DE.indeed.com/rc/clk?jk=0a6ee4e1cb831109&fccid=330892d56b3da594&vjs=3,2021-07-01 00:00:00,https://DE.indeed.com/rc/clk?jk=0a6ee4e1cb831109&fccid=330892d56b3da594&vjs=3
Data Scientist / Mathematiker im Consulting (m/w/d),Home Office,GK Software,Verantwortliche Leitung spannender Data Science Projekte im nationalen sowie internationalen Einzel- und Onlinehandel.,,https://DE.indeed.com/rc/clk?jk=35ce53906e8a2ce6&fccid=e42b4d7115b3594f&vjs=3,2021-07-01 00:00:00,https://DE.indeed.com/rc/clk?jk=35ce53906e8a2ce6&fccid=e42b4d7115b3594f&vjs=3
Data Scientist (m/w/d),Oldenburg,Glasfaser NordWest GmbH & Co.KG,"Du verantwortest Design, Implementierung und Optimierung von ETL-Prozessen.Du erarbeitest stabile Reporting-Datenmodelle und unterstützt in der Implementierung…",,https://DE.indeed.com/rc/clk?jk=b1d7d4e4fb59f12f&fccid=c7e15ea437ebe761&vjs=3,2021-07-01 00:00:00,https://DE.indeed.com/rc/clk?jk=b1d7d4e4fb59f12f&fccid=c7e15ea437ebe761&vjs=3
Data Scientist im Bereich Pricing (m/w/d),Köln,OBI Group Holding SE & Co. KGaA,"Nutze neue Erhebungs- und Auswertungsmethoden, Kennzahlen und Tools, um deine Analyseziele bestmöglich zu erreichen.Design Thinking oder Machine Learning.",,https://DE.indeed.com/rc/clk?jk=c7bb250d2db48f01&fccid=98106d2526ba99a7&vjs=3,2021-07-01 00:00:00,https://DE.indeed.com/rc/clk?jk=c7bb250d2db48f01&fccid=98106d2526ba99a7&vjs=3
Data Scientist (m/w/D),Gotha,Finanz-DATA,Modelle auf Basis moderner statistischer Methoden zur Betrugserkennung.Leitest Du Trainings und Schulungen im Bereich Data Analytics / Data Architecture.,,https://DE.indeed.com/rc/clk?jk=c742a947853de48b&fccid=849487e9d0826318&vjs=3,2021-07-01 00:00:00,https://DE.indeed.com/rc/clk?jk=c742a947853de48b&fccid=849487e9d0826318&vjs=3
Junior Data Scientist,Düsseldorf,ORAYLIS GmbH Business Intelligence,"Unsere Datenliebhaber und Herzblutberater realisieren Business Intelligence, Data Analytics und Artiﬁcial Intelligence Lösungen – nicht von der Stange, sondern…",,https://DE.indeed.com/rc/clk?jk=921f88fb4e0114af&fccid=bfabec710ada5fcd&vjs=3,2021-07-01 00:00:00,https://DE.indeed.com/rc/clk?jk=921f88fb4e0114af&fccid=bfabec710ada5fcd&vjs=3
Data Scientist (gn),Düsseldorf,Handelsblatt GmbH,Objekte wie Handelsblatt und WirtschaftsWoche stehen beispielhaft für das hohe Niveau unserer Printtitel.Konzeption und Durchführung von Data-Science Projekten…,,https://DE.indeed.com/company/iq-digital-media-marketing-gmbh/jobs/Data-Scientist-f93280706e86aafc?fccid=dec3339460e9ac3b&vjs=3,2021-07-02,https://DE.indeed.com/company/iq-digital-media-marketing-gmbh/jobs/Data-Scientist-f93280706e86aafc?fccid=dec3339460e9ac3b&vjs=3
Jr Data Scientist,Berlin,Quantum Brains,Improvement and testing of existing algorithms.Basic mathematical background (probability theory and mathematical statistics).,,https://DE.indeed.com/rc/clk?jk=f36d08f448e10844&fccid=576b43f4fd61249a&vjs=3,2021-07-02,https://DE.indeed.com/rc/clk?jk=f36d08f448e10844&fccid=576b43f4fd61249a&vjs=3
Data Scientist (m/f/d) in Allianz Partners,Aschheim,Allianz Partners,As the data scientist you will be responsible for the design and development of machine learning/ advanced statistical models applicable to underwriting or…,,https://DE.indeed.com/rc/clk?jk=261b9ccb16079521&fccid=bf422d4af99309b2&vjs=3,2021-07-02,https://DE.indeed.com/rc/clk?jk=261b9ccb16079521&fccid=bf422d4af99309b2&vjs=3
Junior Data Scientist / Analyst (d/m/w) Digitalization of Sp...,Friedrichshafen,Airbus,Build the data analytics answer regarding the needs in a cost efficient way by quickly prototyping data exploration and visualization applications around data…,,https://DE.indeed.com/rc/clk?jk=a1736ad96b864b3f&fccid=2d0740e02e80cf22&vjs=3,2021-07-02,https://DE.indeed.com/rc/clk?jk=a1736ad96b864b3f&fccid=2d0740e02e80cf22&vjs=3
Financial Engineer / Data Scientist (m/f/d),Stuttgart,Allianz Investment Management SE,Build new models and improve analysis methods with the help of machine learning (e.g. models for approximation of market- or strategy-driven impact on…,,https://DE.indeed.com/rc/clk?jk=9c2388b330cdaed9&fccid=bf422d4af99309b2&vjs=3,2021-07-02,https://DE.indeed.com/rc/clk?jk=9c2388b330cdaed9&fccid=bf422d4af99309b2&vjs=3
Scientist for Master Data and Reference Substances (m/f/d) -...,Berlin-Friedrichshain,BASF,"In addition, you will check the provision of data against relevant safety data sheets and regulatory data (for example REACH).A high affinity for IT.",,https://DE.indeed.com/rc/clk?jk=dd2228dd7fda68ee&fccid=38313780e9822361&vjs=3,2021-07-02,https://DE.indeed.com/rc/clk?jk=dd2228dd7fda68ee&fccid=38313780e9822361&vjs=3
Data Scientist / ML Engineer (m/w/d),Köln,OBI Group Holding SE & Co. KGaA,"Nutze neue Erhebungs- und Auswertungsmethoden, Kennzahlen und Tools, um deine Analyseziele bestmöglich zu erreichen.Design Thinking oder Machine Learning.",,https://DE.indeed.com/rc/clk?jk=2f6e1a4701ba067b&fccid=98106d2526ba99a7&vjs=3,2021-07-02,https://DE.indeed.com/rc/clk?jk=2f6e1a4701ba067b&fccid=98106d2526ba99a7&vjs=3
Data Scientist (m/f/d) based in Munich,München,Allianz Global Corporate & Specialty,"You will collaborate across all functions with respect to data and technology to ensure a standard delivery of services, products and capabilities that foster…",,https://DE.indeed.com/rc/clk?jk=69ab0d8efc0ca67b&fccid=bf422d4af99309b2&vjs=3,2021-07-02,https://DE.indeed.com/rc/clk?jk=69ab0d8efc0ca67b&fccid=bf422d4af99309b2&vjs=3
Data Scientist (m/f/d),Ludwigshafen am Rhein,BASF,"You will cover the entire data-science model lifecycle from data analysis, model development and training, and deployment to the cloud.",,https://DE.indeed.com/rc/clk?jk=92cff75478ce2c18&fccid=38313780e9822361&vjs=3,2021-07-02,https://DE.indeed.com/rc/clk?jk=92cff75478ce2c18&fccid=38313780e9822361&vjs=3
Data Scientist (m/w/d),Konstanz,SÜDKURIER GmbH Medienhaus,"Offenheit und Mut, neue Wege hin zu einer data-driven company zu gehen.Die Media Favoriten sind die digitale Unit im Südkurier Medienhaus.",,https://DE.indeed.com/rc/clk?jk=b809a765dcfea38a&fccid=6830564da57af832&vjs=3,2021-07-02,https://DE.indeed.com/rc/clk?jk=b809a765dcfea38a&fccid=6830564da57af832&vjs=3
Data Scientist (m/f/d),Berlin,FlixMobility,"You will collaborate with business and technology stakeholders to evaluate data sources, techniques and tools to support our decentralised data organisation…",,https://DE.indeed.com/rc/clk?jk=5d6e79ef4508626d&fccid=a1029eeac9e4c3e5&vjs=3,2021-07-02,https://DE.indeed.com/rc/clk?jk=5d6e79ef4508626d&fccid=a1029eeac9e4c3e5&vjs=3
Data Scientist (m/w/d),Landshut,ASIS GmbH,"Unser Stammsitz ist in Landshut, wir haben Niederlassungen in Oldenburg, Lüneburg, Altdorf (Böblingen) und ein Tochterunternehmen in China, nähe Shanghai.",,https://DE.indeed.com/rc/clk?jk=01584905d6d8f363&fccid=07be533cebdf719d&vjs=3,2021-07-02,https://DE.indeed.com/rc/clk?jk=01584905d6d8f363&fccid=07be533cebdf719d&vjs=3
Medical Data Scientist (m/w/d),Berlin,heartbeat medical,"Implementing data science pipelines, building data models and analytical processes, data visualization, reporting and exploration tools.",,https://DE.indeed.com/company/Heartbeat-Medical/jobs/Medical-Data-Scientist-c7736131d809977a?fccid=ad75698efbd92d01&vjs=3,2021-07-02,https://DE.indeed.com/company/Heartbeat-Medical/jobs/Medical-Data-Scientist-c7736131d809977a?fccid=ad75698efbd92d01&vjs=3
Data Scientist IT Group Research und Mercedes-Benz Developme...,Böblingen,Mercedes-Benz AG,"Diese Systeme stellen das Datenmanagement der CAD-, CAE- und Stücklistendaten in der Fahrzeug- und Aggregate-Entwicklung im Bereich MB Cars, MB Van und im Falle…",,https://DE.indeed.com/rc/clk?jk=35695b4a7661262b&fccid=33fa1494c1a3ee87&vjs=3,2021-07-02,https://DE.indeed.com/rc/clk?jk=35695b4a7661262b&fccid=33fa1494c1a3ee87&vjs=3
Consumer Analytics Data Scientist (m/w/d),Hamburg,British American Tobacco,Addressing data connectivity challenges in close collaboration with data engineering team.The Data Scientist (with data focus) will be responsible for…,,https://DE.indeed.com/rc/clk?jk=66cbeb5513f150c6&fccid=8e1a8291113cc060&vjs=3,2021-07-02,https://DE.indeed.com/rc/clk?jk=66cbeb5513f150c6&fccid=8e1a8291113cc060&vjs=3
Data Scientist (m|f|d),Göttingen,Sartorius,"Develop custom data models and algorithms to apply to data sets.Identify available and relevant data, including internal and external data sources.",,https://DE.indeed.com/rc/clk?jk=8fd21368ce15438f&fccid=223a83189e0bc47a&vjs=3,2021-07-02,https://DE.indeed.com/rc/clk?jk=8fd21368ce15438f&fccid=223a83189e0bc47a&vjs=3
Data Scientist / Data Analyst (m/f/d),Köln,CheMondis GmbH,"Profound experience in data exploration and solid knowledge of data mining, and big data analytics techniques.",,https://DE.indeed.com/company/CheMondis/jobs/Data-Scientist-865016585f33ca48?fccid=4f66a8293d09f915&vjs=3,2021-07-02,https://DE.indeed.com/company/CheMondis/jobs/Data-Scientist-865016585f33ca48?fccid=4f66a8293d09f915&vjs=3
DATA SCIENTIST (M/W/D),Essen,ROSE Bikes GmbH,Für die Realisierung und Weiterentwicklung unserer internationalen E-Commerce- & Customer-Experience-Strategien suchen wir Dich.,,https://DE.indeed.com/rc/clk?jk=06b7c8a28ada20d0&fccid=793d0b974bb3da6c&vjs=3,2021-07-02,https://DE.indeed.com/rc/clk?jk=06b7c8a28ada20d0&fccid=793d0b974bb3da6c&vjs=3
Data Scientist (m/f/d),München,ALTEN Engineering,You will provide support and share knowledge in your field and create data-driven analyses and machine learning models.,,https://DE.indeed.com/rc/clk?jk=38681108d593ab60&fccid=9ed9a079299e3bcd&vjs=3,2021-07-02,https://DE.indeed.com/rc/clk?jk=38681108d593ab60&fccid=9ed9a079299e3bcd&vjs=3
Working Student - Data Scientist at Allianz Global Corporate...,München,Allianz Global Corporate & Specialty,Understanding input data sources across AGCSSupport in developing end-to-end analytical solutions to provide value to our business functionsProcessing of data…,,https://DE.indeed.com/rc/clk?jk=5d3794c0a8dd0f3a&fccid=bf422d4af99309b2&vjs=3,2021-07-02,https://DE.indeed.com/rc/clk?jk=5d3794c0a8dd0f3a&fccid=bf422d4af99309b2&vjs=3
Data Scientist,Düsseldorf,Flint Data,Mehr als 20 Mio Kunden und 40.000 Mitarbeitern sind teil einer Vision in der Technology Nachhaltigkeit sich miteineder vereinen.,60.000 € - 80.000 € pro Jahr,https://DE.indeed.com/rc/clk?jk=1740dc63c1ba1844&fccid=ee31ca7b2412bd83&vjs=3,2021-07-02,https://DE.indeed.com/rc/clk?jk=1740dc63c1ba1844&fccid=ee31ca7b2412bd83&vjs=3
Quantum Computing Scientist - Machine Learning (m/f/d),Ludwigshafen am Rhein,BASF,We as Global Digital Services enable BASF's digitalization.Our unit supports BASF's divisions in answering logistical challenges and issues with digitalization…,,https://DE.indeed.com/rc/clk?jk=bc133bb3aef96608&fccid=38313780e9822361&vjs=3,2021-07-02,https://DE.indeed.com/rc/clk?jk=bc133bb3aef96608&fccid=38313780e9822361&vjs=3
Junior Data Scientist,Düsseldorf,trivago Hotel Relations GmbH,Experience developing dashboards and producing data visualizations.Proficiency programming in either Python or R and relevant data manipulation packages.,,https://DE.indeed.com/rc/clk?jk=0b8dd1e01be2539e&fccid=4a496871b3760c57&vjs=3,2021-07-02,https://DE.indeed.com/rc/clk?jk=0b8dd1e01be2539e&fccid=4a496871b3760c57&vjs=3
Data Scientist - Finance (m/f/d),Berlin,Tier Mobility GmbH,We strive to build great data infrastructure and enable teams across TIER to take data-informed decisions.Have the ability to work with all stages of analytics…,,https://DE.indeed.com/rc/clk?jk=ff52920f210df577&fccid=b4a5a02a05d82298&vjs=3,2021-07-02,https://DE.indeed.com/rc/clk?jk=ff52920f210df577&fccid=b4a5a02a05d82298&vjs=3
(Junior) Data Scientist (m/f/d),Hamburg,Statista,Supporting the data ops team in various tasks including development of ETL processes and data pipelines.Contributing to design and developing the entirely new…,,https://DE.indeed.com/rc/clk?jk=eab102fa3545ad1f&fccid=539428c214ed9c84&vjs=3,2021-07-02,https://DE.indeed.com/rc/clk?jk=eab102fa3545ad1f&fccid=539428c214ed9c84&vjs=3
Data Scientist,Berlin,Quantum Brains,Design of end-to-end analytical solutions (predictive and prescriptive modeling).Strong mathematical background (probability theory and mathematical statistics…,,https://DE.indeed.com/rc/clk?jk=e4f3be7d7187d00b&fccid=576b43f4fd61249a&vjs=3,2021-07-02,https://DE.indeed.com/rc/clk?jk=e4f3be7d7187d00b&fccid=576b43f4fd61249a&vjs=3
Data Scientist Customer Excellence,Frankfurt am Main,Emma The Sleep Company,"Experience in areas of business intelligence, statistics or data warehousing.Willingness to learn in the field of analytics, big data and machine learning.",,https://DE.indeed.com/rc/clk?jk=f3af62b0b4bbe756&fccid=28838a4ebeb1c188&vjs=3,2021-07-02,https://DE.indeed.com/rc/clk?jk=f3af62b0b4bbe756&fccid=28838a4ebeb1c188&vjs=3
Senior Data Scientist,Düsseldorf,QVC,"(Senior) Data Scientist (m/w/d) Machine Learning (ML) / AI / Advanced Analytics.Du bist verantwortlich für Modellentwicklung, Programmierung & Data Engineering…",,https://DE.indeed.com/rc/clk?jk=6bc6f47343ce5b4f&fccid=8a4535c948d32e2a&vjs=3,2021-07-02,https://DE.indeed.com/rc/clk?jk=6bc6f47343ce5b4f&fccid=8a4535c948d32e2a&vjs=3
Referent_in E2E Data Scientist Digital Services (m/w/d),Ingolstadt,AUDI AG,Als E2E Data Scientist für Digital Services unterstützen Sie die Analysten und Diagnosespezialisten der Qualitätssteuerung Feld / Digital Services mit auf die…,,https://DE.indeed.com/rc/clk?jk=8e0cd6039199f69a&fccid=5a2529188643e4ac&vjs=3,2021-07-02,https://DE.indeed.com/rc/clk?jk=8e0cd6039199f69a&fccid=5a2529188643e4ac&vjs=3
Data Scientist (m/w/d) im Bereich Sachversicherung,Köln,AXA,"Vielseitige Projekte im Data Science/Aktuars-Umfeld, z.B.Optimierung unser Pricing Verfahren oder Design und Durchführung von Tests und Experimenten.",,https://DE.indeed.com/rc/clk?jk=06f7aa586a9881a5&fccid=753062d67d31c43a&vjs=3,2021-07-02,https://DE.indeed.com/rc/clk?jk=06f7aa586a9881a5&fccid=753062d67d31c43a&vjs=3
